sequencer_sample_name	researcher	researcher_initials	principal_investigator	batch	consecutive_unique_sample_identifier	grant_id	project_code	company_code	company_contact	collection_date	geo_loc_name	lat_lon	depth_meters	alt_elev_meters	samp_collect_device	storage_temperature_before_shipping_celcius	temperature_during_transportation_celcius	storage_temperature_before_processing_celsius	env_biome	env_feature	env_material	env_package	experiment	carbon_source	redox	experimental_temperature_celsius	experimental_salinity_grams_liter	experimental_phosphate	experimental_sulfate_mM	experimental_pH	source_mat	isol_growth_condt	sampling_temperature_celsius	operating_pressure_kpag	sampling_salinity_M_equiv_NaCl	sampling_pH	sampling_sulfate_mM	sampling_sulfide_mM	sampling_sulfate_reduction_rate_umol S/mL/day	sampling_ammonium_mM	sampling_total_iron_mM	sampling_acetate_mM	sampling_propionate_mM	butyrate_mM	ATP_test_log_microorganisms/mL	qPCR_16S_copies/mL_sample)	bromide_mM	chloride_mM	subspecf_gen_lin	extrachrom_elements	biotic_relationship	trophic_level	nucl_acid_ext	nucl_acid_ext_date	nucl_acid_ext_storage_condition_celsius	nucl_acid_ext_storage_time_until_use_days	nucl_acid_amp	target_gene	target_subfragment	forward_pcr_primer_name	forward_pcr_primer_sequence	reverse_pcr_primer_name	reverse_pcr_primer_sequence	pcr_temp_per_cycle	number_of_cycles	lib_vector	lib_screen	DNA_concentration_after_extraction_ng/uL	DNA_concentration_after_first_PCR_ng/uL	final_DNA_concentration_ng/uL	DNA_concentration_sent_for_sequencing_ng/uL	vol_DNA_sent_for_sequencing_µL	DNA_extraction_protocol	amount_of_solid_material_used_for_nucleic_acid_extraction_mg	amount_of_liquid_material_used_for_nucleic_acid_extraction_mL	gel_image_file_name	samp_mat_process	seq_date	sample_description	sample_name	replicate	seq_center	seq_lane	linker_name	linker_sequence	forw_index_name	forw_index_sequence	rev_index_name	rev_index_sequence	adaptor_name	adaptor_sequence	seq_method	lib_size_before_quality_control	lib_size_after_control	quality_check_tool	quality_control_tool	lib_reads_seqd	lib_const_meth	seq_quality_check	chimera_check	assembly	analysis_pipeline_version	pipeline_sop	url	mark_gene_ref_database_vers	contig_construction_tool	min_overlap	err_overl_regi	fileType
20181012-107-G002-UI1-NMR-NR-1-1	Natalie Rachel	NMR	Lisa Gieg	B1	UI1	G002	P001	107	NA	20160716	platform_A	NA	NA	0	Tap along processing line	54	4°C	4	produced_water	NA	NA	NA	Geno-MIC DNA extraction and sequencing comparison	NA	NA	NA	NA	NA	6		Produced Water	NA	54	NA	0.55	6.2	6.78	0	0.042	1.36	NA	3.27	0	0	NA	NA	NA	NA	NA	NA	NA	NA	https://www.mpbio.com/includes/protocol/FastDNA%20Spin%20Kit%20for%20soil.pdf	20180815	-20	60	NA	16S rRNA	V4-V5	515F	GTGYCAGCMGCCGCGGTAA	926R	CCGYCWATTYMTTTRAGTTT	1_95 for 3:00, 2_98 for 0:20, 3_65 for 0:15, 4_72 for 0:15, 5_72 for 1:00	30x (steps 2-4)	NA	NA	NA	NA	80	3	70	FastDNA Spin Kit for Soil	NA	1000	NA	NA	20181012	Searose PW	NR-1	1	Strous Lab	NA	NA	NA	S501	AATGATACGGCGACCACCGAGATCTACACTAGATCGCTCGTCGGCAGCGTC	P701	CAAGCAGAAGACGGCATACGAGATTCGCCTTAGTCTGCTGGGCTCGG	NA	NA	MiSeq	NA	NA	NA	NA	NA	NA	NA	NA	NA	NA	NA	NA	NA	NA	NA	NA	NA
20181012-107-G002-UI2-NMR-NR-2-2	Natalie Rachel	NMR	Lisa Gieg	B1	UI2	G002	P001	107	NA	20180828	platform_A	NA	NA	0	Tap along processing line	54	4°C	4	produced_water	NA	NA	NA	Geno-MIC DNA extraction and sequencing comparison	NA	NA	NA	NA	NA	NA		Produced Water	NA	54	NA	0.72	6.2	9.32	0	0.021	1.43	0.71	1.42	0	0	4	NA	1.4	806	NA	NA	NA	NA	https://www.mpbio.com/includes/protocol/FastDNA%20Spin%20Kit%20for%20soil.pdf	20180913	-20	14	NA	16S rRNA	V4-V5	515F	GTGYCAGCMGCCGCGGTAA	926R	CCGYCWATTYMTTTRAGTTT	1_95 for 3:00, 2_98 for 0:20, 3_65 for 0:15, 4_72 for 0:15, 5_72 for 1:00	30x (steps 2-4)	NA	NA	NA	NA	27	3	70	FastDNA Spin Kit for Soil	NA	500	NA	NA	20181012	PW from Degasser	NR-2	2	Strous Lab	NA	NA	NA	S501	AATGATACGGCGACCACCGAGATCTACACTAGATCGCTCGTCGGCAGCGTC	P702	CAAGCAGAAGACGGCATACGAGATCTAGTACGGTCTGCTGGGCTCGG	NA	NA	MiSeq	NA	NA	NA	NA	NA	NA	NA	NA	NA	NA	NA	NA	NA	NA	NA	NA	NA
20181012-107-G002-UI3-NMR-NR-3-3	Natalie Rachel	NMR	Lisa Gieg	B1	UI3	G002	P001	107	NA	20180828	platform_A	NA	NA	0	Tap along processing line	54	4°C	4	produced_water	NA	NA	NA	Geno-MIC DNA extraction and sequencing comparison	NA	NA	NA	NA	NA	NA		Produced Water	NA	55	NA	0.57	6.2	8.93	0	0.053	1.5	0.95	1.01	0	0	5	NA	1.11	791	NA	NA	NA	NA	https://www.mpbio.com/includes/protocol/FastDNA%20Spin%20Kit%20for%20soil.pdf	20180913	-20	14	NA	16S rRNA	V4-V5	515F	GTGYCAGCMGCCGCGGTAA	926R	CCGYCWATTYMTTTRAGTTT	1_95 for 3:00, 2_98 for 0:20, 3_65 for 0:15, 4_72 for 0:15, 5_72 for 1:00	30x (steps 2-4)	NA	NA	NA	NA	67	3	70	FastDNA Spin Kit for Soil	NA	1000	NA	NA	20181012	PW from hydrocyclone R	NR-3	3	Strous Lab	NA	NA	NA	S501	AATGATACGGCGACCACCGAGATCTACACTAGATCGCTCGTCGGCAGCGTC	P703	CAAGCAGAAGACGGCATACGAGATTTCTGCCTGTCTCGTGGGCTCGG	NA	NA	MiSeq	NA	NA	NA	NA	NA	NA	NA	NA	NA	NA	NA	NA	NA	NA	NA	NA	NA
20181012-107-G002-UI4-NMR-NR-4-4	Natalie Rachel	NMR	Lisa Gieg	B1	UI4	G002	P001	107	NA	20180828	platform_A	NA	NA	0	Tap along processing line	54	4°C	4	produced_water	NA	NA	NA	Geno-MIC DNA extraction and sequencing comparison	NA	NA	NA	NA	NA	NA		Produced Water	NA	54	NA	0.56	6.2	9	0	0.015	1.36	0.64	1.61	0	0	4	NA	1.21	724	NA	NA	NA	NA	https://www.mpbio.com/includes/protocol/FastDNA%20Spin%20Kit%20for%20soil.pdf	20180913	-20	14	NA	16S rRNA	V4-V5	515F	GTGYCAGCMGCCGCGGTAA	926R	CCGYCWATTYMTTTRAGTTT	1_95 for 3:00, 2_98 for 0:20, 3_65 for 0:15, 4_72 for 0:15, 5_72 for 1:00	30x (steps 2-4)	NA	NA	NA	NA	23	3	70	FastDNA Spin Kit for Soil	NA	500	NA	NA	20181012	PW from MP separator	NR-4	4	Strous Lab	NA	NA	NA	S501	AATGATACGGCGACCACCGAGATCTACACTAGATCGCTCGTCGGCAGCGTC	P704	CAAGCAGAAGACGGCATACGAGATGCTCAGGAGTCTGCTGGGCTCGG	NA	NA	MiSeq	NA	NA	NA	NA	NA	NA	NA	NA	NA	NA	NA	NA	NA	NA	NA	NA	NA
20181012-107-G002-UI5-NMR-NR-5-5	Natalie Rachel	NMR	Lisa Gieg	B1	UI5	G002	P001	107	NA	20180828	platform_A	NA	NA	0	Tap along processing line	54	4°C	4	produced_water	NA	NA	NA	Geno-MIC DNA extraction and sequencing comparison	NA	NA	NA	NA	NA	NA		Produced Water	NA	54	NA	0.56	6.2	8.6	0	0.011	1.52	0.71	1.4	0	0	5	NA	1.13	773	NA	NA	NA	NA	https://www.mpbio.com/includes/protocol/FastDNA%20Spin%20Kit%20for%20soil.pdf	20180913	-20	14	NA	16S rRNA	V4-V5	515F	GTGYCAGCMGCCGCGGTAA	926R	CCGYCWATTYMTTTRAGTTT	1_95 for 3:00, 2_98 for 0:20, 3_65 for 0:15, 4_72 for 0:15, 5_72 for 1:00	30x (steps 2-4)	NA	NA	NA	NA	5	3	70	FastDNA Spin Kit for Soil	NA	1000	NA	NA	20181012	Searose PW	NR-5	5	Strous Lab	NA	NA	NA	S501	AATGATACGGCGACCACCGAGATCTACACTAGATCGCTCGTCGGCAGCGTC	P705	CAAGCAGAAGACGGCATACGAGATAGGAGTCCGTCTCGTGGGCTCGG	NA	NA	MiSeq	NA	NA	NA	NA	NA	NA	NA	NA	NA	NA	NA	NA	NA	NA	NA	NA	NA
20181012-107-G002-UI6-NMR-NR-6-6	Natalie Rachel	NMR	Lisa Gieg	B1	UI6	G002	P001	107	NA	20180828	platform_A	NA	NA	0	Tap along processing line	54	4°C	4	produced_water	NA	NA	NA	Geno-MIC DNA extraction and sequencing comparison	NA	NA	NA	NA	NA	NA		Produced Water	NA	54	NA	0.56	6.2	8.6	0	0.011	1.52	0.71	1.4	0	0	5	NA	1.13	773	NA	NA	NA	NA	https://www.mpbio.com/includes/protocol/FastDNA%20Spin%20Kit%20for%20soil.pdf	20180913	-20	14	NA	16S rRNA	V4-V5	515F	GTGYCAGCMGCCGCGGTAA	926R	CCGYCWATTYMTTTRAGTTT	1_95 for 3:00, 2_98 for 0:20, 3_65 for 0:15, 4_72 for 0:15, 5_72 for 1:00	30x (steps 2-4)	NA	NA	NA	NA	49	3	70	FastDNA Spin Kit for Soil	NA	1000	NA	NA	20181012	Searose PW	NR-6	6	Strous Lab	NA	NA	NA	S501	AATGATACGGCGACCACCGAGATCTACACTAGATCGCTCGTCGGCAGCGTC	P706	CAAGCAGAAGACGGCATACGAGATCATGCCTAGTCTCGTGGGCTCGG	NA	NA	MiSeq	NA	NA	NA	NA	NA	NA	NA	NA	NA	NA	NA	NA	NA	NA	NA	NA	NA
20181012-107-G002-UI7-NMR-NR-7-7	Natalie Rachel	NMR	Lisa Gieg	B1	UI7	G002	P001	107	NA	20160716	platform_A	NA	NA	0	Tap along processing line	54	4°C	4	produced_water	NA	NA	NA	Geno-MIC DNA extraction and sequencing comparison	NA	NA	NA	NA	NA	NA		Produced Water	NA	54	NA	0.55	6.2	6.78	0	0.042	1.36	NA	3.27	0	0	NA	1.86E+06	NA	NA	NA	NA	NA	NA	https://www.mpbio.com/includes/protocol/FastDNA%20Spin%20Kit%20for%20soil.pdf	20180806	-20	60	NA	16S rRNA	V4-V5	515F	GTGYCAGCMGCCGCGGTAA	926R	CCGYCWATTYMTTTRAGTTT	1_95 for 3:00, 2_98 for 0:20, 3_65 for 0:15, 4_72 for 0:15, 5_72 for 1:00	30x (steps 2-4)	NA	NA	NA	NA	8	3	70	Automated DNA extractor	NA	1000	NA	NA	20181012	Searose PW	NR-7	7	Strous Lab	NA	NA	NA	S501	AATGATACGGCGACCACCGAGATCTACACTAGATCGCTCGTCGGCAGCGTC	P707	CAAGCAGAAGACGGCATACGAGATGTAGAGAGGTCTCGTGGGCTCGG	NA	NA	MiSeq	NA	NA	NA	NA	NA	NA	NA	NA	NA	NA	NA	NA	NA	NA	NA	NA	NA
20181012-107-G002-UI8-NMR-NR-8-8	Natalie Rachel	NMR	Lisa Gieg	B1	UI8	G002	P001	107	NA	20160716	platform_A	NA	NA	0	Tap along processing line	54	4°C	4	produced_water	NA	NA	NA	Geno-MIC DNA extraction and sequencing comparison	NA	NA	NA	NA	NA	NA		Produced Water	NA	54	NA	0.55	6.2	6.78	0	0.042	1.36	NA	3.27	0	0	NA	NA	NA	NA	NA	NA	NA	NA	https://www.mpbio.com/includes/protocol/FastDNA%20Spin%20Kit%20for%20soil.pdf	20180724	-20	60	NA	16S rRNA	V4-V5	515F	GTGYCAGCMGCCGCGGTAA	926R	CCGYCWATTYMTTTRAGTTT	1_95 for 3:00, 2_98 for 0:20, 3_65 for 0:15, 4_72 for 0:15, 5_72 for 1:00	30x (steps 2-4)	NA	NA	2	NA	8	3	70	Automated DNA extractor	NA	420	NA	NA	20181012	Searose PW	NR-8	8	Strous Lab	NA	NA	NA	S501	AATGATACGGCGACCACCGAGATCTACACTAGATCGCTCGTCGGCAGCGTC	P708	CAAGCAGAAGACGGCATACGAGATCCTCTCTGGTCTCGTGGGCTCGG	NA	NA	MiSeq	NA	NA	NA	NA	NA	NA	NA	NA	NA	NA	NA	NA	NA	NA	NA	NA	NA
20181012-107-G002-UI9-NMR-NR-9-9	Natalie Rachel	NMR	Lisa Gieg	B1	UI9	G002	P001	107	NA	20160716	platform_A	NA	NA	0	Tap along processing line	54	4°C	4	produced_water	NA	NA	NA	Geno-MIC DNA extraction and sequencing comparison	NA	NA	NA	NA	NA	NA		Produced Water	NA	54	NA	0.55	6.2	6.78	0	0.042	1.36	NA	3.27	0	0	NA	NA	NA	NA	NA	NA	NA	NA	https://www.mpbio.com/includes/protocol/FastDNA%20Spin%20Kit%20for%20soil.pdf	20180724	-20	60	NA	16S rRNA	V4-V5	515F	GTGYCAGCMGCCGCGGTAA	926R	CCGYCWATTYMTTTRAGTTT	1_95 for 3:00, 2_98 for 0:20, 3_65 for 0:15, 4_72 for 0:15, 5_72 for 1:00	30x (steps 2-4)	NA	NA	2	NA	42	3	70	Automated DNA extractor	NA	430	NA	NA	20181012	Searose PW	NR-9	9	Strous Lab	NA	NA	NA	S501	AATGATACGGCGACCACCGAGATCTACACTAGATCGCTCGTCGGCAGCGTC	P709	CAAGCAGAAGACGGCATACGAGATAGCGTAGCGTCTCGTGGGCTCGG	NA	NA	MiSeq	NA	NA	NA	NA	NA	NA	NA	NA	NA	NA	NA	NA	NA	NA	NA	NA	NA
20181012-107-G002-UI10-NMR-NR-10-10	Natalie Rachel	NMR	Lisa Gieg	B1	UI10	G002	P001	107	NA	20160716	platform_A	NA	NA	0	Tap along processing line	54	4°C	4	produced_water	NA	NA	NA	Geno-MIC DNA extraction and sequencing comparison	NA	NA	NA	NA	NA	NA		Produced Water	NA	54	NA	0.55	6.2	6.78	0	0.042	1.36	NA	3.27	0	0	NA	NA	NA	NA	NA	NA	NA	NA	https://www.mpbio.com/includes/protocol/FastDNA%20Spin%20Kit%20for%20soil.pdf	20180724	-20	60	NA	16S rRNA	V4-V5	515F	GTGYCAGCMGCCGCGGTAA	926R	CCGYCWATTYMTTTRAGTTT	1_95 for 3:00, 2_98 for 0:20, 3_65 for 0:15, 4_72 for 0:15, 5_72 for 1:00	30x (steps 2-4)	NA	NA	3	NA	28	3	70	Automated DNA extractor	NA	430	NA	NA	20181012	Searose PW	NR-10	10	Strous Lab	NA	NA	NA	S501	AATGATACGGCGACCACCGAGATCTACACTAGATCGCTCGTCGGCAGCGTC	P710	CAAGCAGAAGACGGCATACGAGATCAGCCTCGGTCTCGTGGGCTCGG	NA	NA	MiSeq	NA	NA	NA	NA	NA	NA	NA	NA	NA	NA	NA	NA	NA	NA	NA	NA	NA
20181012-107-G002-UI11-NMR-NR-11-11	Natalie Rachel	NMR	Lisa Gieg	B1	UI11	G002	P001	107	NA	20180828	platform_A	NA	NA	0	Tap along processing line	54	4°C	4	produced_water	NA	NA	NA	Geno-MIC DNA extraction and sequencing comparison	NA	NA	NA	NA	NA	NA		Produced Water	NA	54	NA	0.54	6.2	9	0	0.015	1.36	0.64	1.61	0	0	4	NA	1.21	724	NA	NA	NA	NA	https://www.mpbio.com/includes/protocol/FastDNA%20Spin%20Kit%20for%20soil.pdf	20180917	-20	14	NA	16S rRNA	V4-V5	515F	GTGYCAGCMGCCGCGGTAA	926R	CCGYCWATTYMTTTRAGTTT	1_95 for 3:00, 2_98 for 0:20, 3_65 for 0:15, 4_72 for 0:15, 5_72 for 1:00	30x (steps 2-4)	NA	NA	0.05	NA	10	3	70	Automated DNA extractor	NA	500	NA	NA	20181012	PW from MP Separator	NR-11	11	Strous Lab	NA	NA	NA	S501	AATGATACGGCGACCACCGAGATCTACACTAGATCGCTCGTCGGCAGCGTC	P711	CAAGCAGAAGACGGCATACGAGATTGCCTCTTGTCTCGTGGGCTCGG	NA	NA	MiSeq	NA	NA	NA	NA	NA	NA	NA	NA	NA	NA	NA	NA	NA	NA	NA	NA	NA
20181012-107-G002-UI12-NMR-NR-12-12	Natalie Rachel	NMR	Lisa Gieg	B1	UI12	G002	P001	107	NA	20180828	platform_A	NA	NA	0	Tap along processing line	54	4°C	4	produced_water	NA	NA	NA	Geno-MIC DNA extraction and sequencing comparison	NA	NA	NA	NA	NA	NA		Produced Water	NA	54	NA	0.56	6.2	8.6	0	0.011	1.52	0.71	1.4	0	0	5	755000	1.13	773	NA	NA	NA	NA	https://www.mpbio.com/includes/protocol/FastDNA%20Spin%20Kit%20for%20soil.pdf	20180917	-20	14	NA	16S rRNA	V4-V5	515F	GTGYCAGCMGCCGCGGTAA	926R	CCGYCWATTYMTTTRAGTTT	1_95 for 3:00, 2_98 for 0:20, 3_65 for 0:15, 4_72 for 0:15, 5_72 for 1:00	30x (steps 2-4)	NA	NA	5	NA	8	3	70	Automated DNA extractor	NA	500	NA	NA	20181012	PW from hydrocyclone R	NR-12	12	Strous Lab	NA	NA	NA	S501	AATGATACGGCGACCACCGAGATCTACACTAGATCGCTCGTCGGCAGCGTC	P712	CAAGCAGAAGACGGCATACGAGATTCCTCTACGTCTCGTGGGCTCGG	NA	NA	MiSeq	NA	NA	NA	NA	NA	NA	NA	NA	NA	NA	NA	NA	NA	NA	NA	NA	NA
20181012-107-G002-UI13-NMR-NR-13-13	Natalie Rachel	NMR	Lisa Gieg	B1	UI13	G002	P001	107	NA	20180828	platform_A	NA	NA	0	Tap along processing line	54	4°C	4	produced_water	NA	NA	NA	Geno-MIC DNA extraction and sequencing comparison	NA	NA	NA	NA	NA	NA		Produced Water	NA	54	NA	0.56	6.2	8.6	0	0.011	1.52	0.71	1.4	0	0	5	467000	1.13	773	NA	NA	NA	NA	https://www.mpbio.com/includes/protocol/FastDNA%20Spin%20Kit%20for%20soil.pdf	20180917	-20	14	NA	16S rRNA	V4-V5	515F	GTGYCAGCMGCCGCGGTAA	926R	CCGYCWATTYMTTTRAGTTT	1_95 for 3:00, 2_98 for 0:20, 3_65 for 0:15, 4_72 for 0:15, 5_72 for 1:00	30x (steps 2-4)	NA	NA	5	NA	4	3	70	Automated DNA extractor	NA	500	NA	NA	20181012	PW from Degasser	NR-13	13	Strous Lab	NA	NA	NA	S502	AATGATACGGCGACCACCGAGATCTACACCTCTCTATTCGTCGGCAGCGTC	P701	CAAGCAGAAGACGGCATACGAGATTCGCCTTAGTCTGCTGGGCTCGG	NA	NA	MiSeq	NA	NA	NA	NA	NA	NA	NA	NA	NA	NA	NA	NA	NA	NA	NA	NA	NA
20181012-107-G002-UI14-NMR-NR-14-14	Natalie Rachel	NMR	Lisa Gieg	B1	UI14	G002	P001	107	NA	20180828	platform_A	NA	NA	0	Tap along processing line	54	4°C	4	produced_water	NA	NA	NA	Geno-MIC DNA extraction and sequencing comparison	NA	NA	NA	NA	NA	NA		Produced Water	NA	54	NA	0.54	6.2	9	0	0.015	1.36	0.64	1.61	0	0	4	NA	1.21	724	NA	NA	NA	NA	https://www.mpbio.com/includes/protocol/FastDNA%20Spin%20Kit%20for%20soil.pdf	20180905	-20	21	NA	16S rRNA	V4-V5	515F	GTGYCAGCMGCCGCGGTAA	926R	CCGYCWATTYMTTTRAGTTT	1_95 for 3:00, 2_98 for 0:20, 3_65 for 0:15, 4_72 for 0:15, 5_72 for 1:00	30x (steps 2-4)	NA	NA	79	NA	56	3	70	Automated DNA extractor	NA	375	NA	NA	20181012	PW from MP Separator	NR-14	14	Strous Lab	NA	NA	NA	S502	AATGATACGGCGACCACCGAGATCTACACCTCTCTATTCGTCGGCAGCGTC	P702	CAAGCAGAAGACGGCATACGAGATCTAGTACGGTCTGCTGGGCTCGG	NA	NA	MiSeq	NA	NA	NA	NA	NA	NA	NA	NA	NA	NA	NA	NA	NA	NA	NA	NA	NA
20181012-107-G002-UI15-NMR-NR-15-15	Natalie Rachel	NMR	Lisa Gieg	B1	UI15	G002	P001	107	NA	20180828	platform_A	NA	NA	0	Tap along processing line	54	4°C	4	produced_water	NA	NA	NA	Geno-MIC DNA extraction and sequencing comparison	NA	NA	NA	NA	NA	NA		Produced Water	NA	54	NA	0.56	6.2	8.6	0	0.011	1.52	0.71	1.4	0	0	5	NA	1.13	773	NA	NA	NA	NA	https://www.mpbio.com/includes/protocol/FastDNA%20Spin%20Kit%20for%20soil.pdf	20180905	-20	21	NA	16S rRNA	V4-V5	515F	GTGYCAGCMGCCGCGGTAA	926R	CCGYCWATTYMTTTRAGTTT	1_95 for 3:00, 2_98 for 0:20, 3_65 for 0:15, 4_72 for 0:15, 5_72 for 1:00	30x (steps 2-4)	NA	NA	61	NA	8	3	70	Automated DNA extractor	NA	400	NA	NA	20181012	Searose PW	NR-15	15	Strous Lab	NA	NA	NA	S502	AATGATACGGCGACCACCGAGATCTACACCTCTCTATTCGTCGGCAGCGTC	P703	CAAGCAGAAGACGGCATACGAGATTTCTGCCTGTCTCGTGGGCTCGG	NA	NA	MiSeq	NA	NA	NA	NA	NA	NA	NA	NA	NA	NA	NA	NA	NA	NA	NA	NA	NA
20181012-107-G002-UI16-NMR-NR-16-16	Natalie Rachel	NMR	Lisa Gieg	B1	UI16	G002	P001	107	NA	20180828	platform_A	NA	NA	0	Tap along processing line	54	4°C	4	produced_water	NA	NA	NA	Geno-MIC DNA extraction and sequencing comparison	NA	NA	NA	NA	NA	NA		Produced Water	NA	54	NA	0.56	6.2	8.6	0	0.011	1.52	0.71	1.4	0	0	5	NA	1.13	773	NA	NA	NA	NA	https://www.mpbio.com/includes/protocol/FastDNA%20Spin%20Kit%20for%20soil.pdf	20180905	-20	21	NA	16S rRNA	V4-V5	515F	GTGYCAGCMGCCGCGGTAA	926R	CCGYCWATTYMTTTRAGTTT	1_95 for 3:00, 2_98 for 0:20, 3_65 for 0:15, 4_72 for 0:15, 5_72 for 1:00	30x (steps 2-4)	NA	NA	22	NA	66	3	70	Automated DNA extractor	NA	430	NA	NA	20181012	PW from hydrocyclone R	NR-16	16	Strous Lab	NA	NA	NA	S502	AATGATACGGCGACCACCGAGATCTACACCTCTCTATTCGTCGGCAGCGTC	P704	CAAGCAGAAGACGGCATACGAGATGCTCAGGAGTCTGCTGGGCTCGG	NA	NA	MiSeq	NA	NA	NA	NA	NA	NA	NA	NA	NA	NA	NA	NA	NA	NA	NA	NA	NA
20181012-107-G002-UI17-NMR-NR-17-17	Natalie Rachel	NMR	Lisa Gieg	B1	UI17	G002	P001	107	NA	20180828	platform_A	NA	NA	0	Tap along processing line	54	4°C	4	produced_water	NA	NA	NA	Geno-MIC DNA extraction and sequencing comparison	NA	NA	NA	NA	NA	NA		Produced Water	NA	54	NA	0.56	6.2	8.6	0	0.011	1.52	0.71	1.4	0	0	5	NA	1.13	773	NA	NA	NA	NA	https://www.mpbio.com/includes/protocol/FastDNA%20Spin%20Kit%20for%20soil.pdf	20180905	-20	21	NA	16S rRNA	V4-V5	515F	GTGYCAGCMGCCGCGGTAA	926R	CCGYCWATTYMTTTRAGTTT	1_95 for 3:00, 2_98 for 0:20, 3_65 for 0:15, 4_72 for 0:15, 5_72 for 1:00	30x (steps 2-4)	NA	NA	32	NA	69	3	70	Automated DNA extractor	NA	400	NA	NA	20181012	Searose PW	NR-17	17	Strous Lab	NA	NA	NA	S502	AATGATACGGCGACCACCGAGATCTACACCTCTCTATTCGTCGGCAGCGTC	P705	CAAGCAGAAGACGGCATACGAGATAGGAGTCCGTCTCGTGGGCTCGG	NA	NA	MiSeq	NA	NA	NA	NA	NA	NA	NA	NA	NA	NA	NA	NA	NA	NA	NA	NA	NA
20181012-107-G002-UI18-NMR-NR-18-18	Natalie Rachel	NMR	Lisa Gieg	B1	UI18	G002	P001	107	NA	20180828	platform_A	NA	NA	0	Tap along processing line	54	4°C	4	produced_water	NA	NA	NA	Geno-MIC DNA extraction and sequencing comparison	NA	NA	NA	NA	NA	NA		Produced Water	NA	55	NA	0.57	6.2	8.93	0	0.053	1.5	0.95	1.01	0	0	5	NA	1.11	791	NA	NA	NA	NA	https://www.mpbio.com/includes/protocol/FastDNA%20Spin%20Kit%20for%20soil.pdf	20180905	-20	21	NA	16S rRNA	V4-V5	515F	GTGYCAGCMGCCGCGGTAA	926R	CCGYCWATTYMTTTRAGTTT	1_95 for 3:00, 2_98 for 0:20, 3_65 for 0:15, 4_72 for 0:15, 5_72 for 1:00	30x (steps 2-4)	NA	NA	11	NA	67	3	70	Automated DNA extractor	NA	410	NA	NA	20181012	PW from test hydrocyclone	NR-18	18	Strous Lab	NA	NA	NA	S502	AATGATACGGCGACCACCGAGATCTACACCTCTCTATTCGTCGGCAGCGTC	P706	CAAGCAGAAGACGGCATACGAGATCATGCCTAGTCTCGTGGGCTCGG	NA	NA	MiSeq	NA	NA	NA	NA	NA	NA	NA	NA	NA	NA	NA	NA	NA	NA	NA	NA	NA
20181012-107-G002-UI19-NMR-NR-19-19	Natalie Rachel	NMR	Lisa Gieg	B1	UI19	G002	P001	107	NA	20180828	platform_A	NA	NA	0	Tap along processing line	54	4°C	4	produced_water	NA	NA	NA	Geno-MIC DNA extraction and sequencing comparison	NA	NA	NA	NA	NA	NA		Produced Water	NA	54	NA	0.72	6.2	9.32	0	0.021	1.43	0.71	1.42	0	0	4	NA	1.4	806	NA	NA	NA	NA	https://www.mpbio.com/includes/protocol/FastDNA%20Spin%20Kit%20for%20soil.pdf	20180905	-20	21	NA	16S rRNA	V4-V5	515F	GTGYCAGCMGCCGCGGTAA	926R	CCGYCWATTYMTTTRAGTTT	1_95 for 3:00, 2_98 for 0:20, 3_65 for 0:15, 4_72 for 0:15, 5_72 for 1:00	30x (steps 2-4)	NA	NA	31	NA	2.5	3	70	Automated DNA extractor	NA	410	NA	NA	20181012	PW from Degasser	NR-19	19	Strous Lab	NA	NA	NA	S502	AATGATACGGCGACCACCGAGATCTACACCTCTCTATTCGTCGGCAGCGTC	P707	CAAGCAGAAGACGGCATACGAGATGTAGAGAGGTCTCGTGGGCTCGG	NA	NA	MiSeq	NA	NA	NA	NA	NA	NA	NA	NA	NA	NA	NA	NA	NA	NA	NA	NA	NA
20181012-107-G002-UI20-DSN-107-AB-1	Danika Nicoletti	DSN	Lisa Gieg	B1	UI20	G002	P002	107	NA	20180718	platform_A	NA	NA	0	Tap along processing line	54	4°C	5	produced_water	NA	NA	NA	Geno-MIC Corrosion Experiment	Acetate/CO2	NA	54	29.2	NA	6		Produced Water	NA																	NA	NA	NA	NA	https://www.mpbio.com/includes/protocol/FastDNA%20Spin%20Kit%20for%20soil.pdf	20180815	-20	60	NA	16S rRNA	V4-V5	515F	GTGYCAGCMGCCGCGGTAA	926R	CCGYCWATTYMTTTRAGTTT	1_95 for 3:00, 2_90 for 0:20, 3_65 for 0:15, 4_72 for 2:00, 5_72 for 1:00	30x (steps 2-4)	NA	NA	58	unquantifiable	52	3	70	via Kathleen	NA	500	NA	NA	20181012	PW from Degasser	107-AB	1	Strous Lab	NA	NA	NA	S502	AATGATACGGCGACCACCGAGATCTACACCTCTCTATTCGTCGGCAGCGTC	P709	CAAGCAGAAGACGGCATACGAGATAGCGTAGCGTCTCGTGGGCTCGG	NA	NA	MiSeq	NA	NA	NA	NA	NA	NA	NA	NA	NA	NA	NA	NA	NA	NA	NA	NA	NA
20181012-107-G002-UI21-DSN-107-C-2	Danika Nicoletti	DSN	Lisa Gieg	B1	UI21	G002	P002	107	NA	20180718	platform_A	NA	NA	0	Tap along processing line	54	4°C	5	produced_water	NA	NA	NA	Geno-MIC Corrosion Experiment	Acetate/CO2	NA	54	29.2	NA	6		Produced Water	NA																	NA	NA	NA	NA	https://www.mpbio.com/includes/protocol/FastDNA%20Spin%20Kit%20for%20soil.pdf	20180815	-20	60	NA	16S rRNA	V4-V5	515F	GTGYCAGCMGCCGCGGTAA	926R	CCGYCWATTYMTTTRAGTTT	1_95 for 3:00, 2_90 for 0:20, 3_65 for 0:15, 4_72 for 2:00, 5_72 for 1:00	30x (steps 2-4)	NA	NA	58	7.21	54	3	70	via Kathleen	NA	500	NA	NA	20181012	PW from Degasser	107-C	2	Strous Lab	NA	NA	NA	S502	AATGATACGGCGACCACCGAGATCTACACCTCTCTATTCGTCGGCAGCGTC	P710	CAAGCAGAAGACGGCATACGAGATCAGCCTCGGTCTCGTGGGCTCGG	NA	NA	MiSeq	NA	NA	NA	NA	NA	NA	NA	NA	NA	NA	NA	NA	NA	NA	NA	NA	NA
20181123-117-G002-UI33-NMR-TN-2-1	Natalie Rachel	NMR	Lisa Gieg	B2	UI33	G002	P001	117	NA	20181011	platform_B	NA	NA	NA	NA	NA	NA	4	NA	NA	NA	NA	NA	NA	NA	NA	NA	NA	NA		Oil, after MP sep to LP MP HC	NA	NA	NA	NA	NA	NA	NA	NA							38600			NA	NA	NA	NA	NA	20181115	-20	30	NA	16S rRNA	V4-V5	515F	GTGYCAGCMGCCGCGGTAA	926R	CCGYCAATTYMTTTRAGTTT	1_95 for 3:00, 2_98 for 0:20, 3_65 for 0:15, 4_72 for 0:15, 5_72 for 1:00	35x (steps 2-4)	NA	NA	8		80	3		FastDNA Spin Kit for Soil	NA	1000	NA	NA	20181123	Offshore produced water samples sent for 16S rRNA gene amplicon sequence	TN-2	1	Strous Lab	NA	NA	NA	S501	AATGATACGGCGACCACCGAGATCTACACTAGATCGCTCGTCGGCAGCGTC	P701	CAAGCAGAAGACGGCATACGAGATTCGCCTTAGTCTGCTGGGCTCGG	NA	NA	MiSeq	NA	NA	NA	NA	NA	NA	NA	NA	NA	NA	NA	NA	NA	NA	NA	NA	NA
20181123-117-G002-UI34-NMR-TN-3-1	Natalie Rachel	NMR	Lisa Gieg	B2	UI34	G002	P001	117	NA	20181012	platform_B	NA	NA	NA	NA	NA	NA	4	NA	NA	NA	NA	NA	NA	NA	NA	NA	NA	NA		Produced Water, 2PW	NA	60	110	0.51	7.1	22	0	NA	1.2	0.53	0.79	0	0	6	7600	NA	NA	NA	NA	NA	NA	NA	20181115	-20	30	NA	16S rRNA	V4-V5	515F	GTGYCAGCMGCCGCGGTAA	926R	CCGYCAATTYMTTTRAGTTT	1_95 for 3:00, 2_98 for 0:20, 3_65 for 0:15, 4_72 for 0:15, 5_72 for 1:00	35x (steps 2-4)	NA	NA	3		80	3		FastDNA Spin Kit for Soil	NA	1000	NA	NA	20181123	Offshore produced water samples sent for 16S rRNA gene amplicon sequence	TN-3	1	Strous Lab	NA	NA	NA	S501	AATGATACGGCGACCACCGAGATCTACACTAGATCGCTCGTCGGCAGCGTC	P702	CAAGCAGAAGACGGCATACGAGATCTAGTACGGTCTGCTGGGCTCGG	NA	NA	MiSeq	NA	NA	NA	NA	NA	NA	NA	NA	NA	NA	NA	NA	NA	NA	NA	NA	NA
20181123-117-G002-UI35-NMR-TN-4-1	Natalie Rachel	NMR	Lisa Gieg	B2	UI35	G002	P001	117	NA	20181012	platform_B	NA	NA	NA	NA	NA	NA	4	NA	NA	NA	NA	NA	NA	NA	NA	NA	NA	NA		Produced Water, 3PW-rep 1	NA	60	110	0.51	7.1	20.6	0	NA	1.36	0.53	1.86	0	0	5	41300	NA	NA	NA	NA	NA	NA	NA	20181115	-20	30	NA	16S rRNA	V4-V5	515F	GTGYCAGCMGCCGCGGTAA	926R	CCGYCAATTYMTTTRAGTTT	1_95 for 3:00, 2_98 for 0:20, 3_65 for 0:15, 4_72 for 0:15, 5_72 for 1:00	35x (steps 2-4)	NA	NA	6.6		80	3		FastDNA Spin Kit for Soil	NA	1000	NA	NA	20181123	Offshore produced water samples sent for 16S rRNA gene amplicon sequence	TN-4	1	Strous Lab	NA	NA	NA	S501	AATGATACGGCGACCACCGAGATCTACACTAGATCGCTCGTCGGCAGCGTC	P703	CAAGCAGAAGACGGCATACGAGATTTCTGCCTGTCTCGTGGGCTCGG	NA	NA	MiSeq	NA	NA	NA	NA	NA	NA	NA	NA	NA	NA	NA	NA	NA	NA	NA	NA	NA
20181123-117-G002-UI36-NMR-TN-5-1	Natalie Rachel	NMR	Lisa Gieg	B2	UI36	G002	P001	117	NA	20181012	platform_B	NA	NA	NA	NA	NA	NA	4	NA	NA	NA	NA	NA	NA	NA	NA	NA	NA	NA		Produced Water, 3PW rep 2	NA	60	110	0.51	7.1	20.6	0	NA	1.36	0.53	1.86	0	0	5	433000	NA	NA	NA	NA	NA	NA	NA	20181115	-20	30	NA	16S rRNA	V4-V5	515F	GTGYCAGCMGCCGCGGTAA	926R	CCGYCAATTYMTTTRAGTTT	1_95 for 3:00, 2_98 for 0:20, 3_65 for 0:15, 4_72 for 0:15, 5_72 for 1:00	35x (steps 2-4)	NA	NA	51		80	3		FastDNA Spin Kit for Soil	NA	1000	NA	NA	20181123	Offshore produced water samples sent for 16S rRNA gene amplicon sequence	TN-5	1	Strous Lab	NA	NA	NA	S501	AATGATACGGCGACCACCGAGATCTACACTAGATCGCTCGTCGGCAGCGTC	P704	CAAGCAGAAGACGGCATACGAGATGCTCAGGAGTCTGCTGGGCTCGG	NA	NA	MiSeq	NA	NA	NA	NA	NA	NA	NA	NA	NA	NA	NA	NA	NA	NA	NA	NA	NA
20181123-117-G002-UI37-NMR-TN-6-1	Natalie Rachel	NMR	Lisa Gieg	B2	UI37	G002	P001	117	NA	20181012	platform_B	NA	NA	NA	NA	NA	NA	4	NA	NA	NA	NA	NA	NA	NA	NA	NA	NA	NA		Produced Water, 6 PW	NA	60	110	0.51	7.1	21.2	0	NA	1.31	0.9	0.15	0	0	4	48200	NA	NA	NA	NA	NA	NA	NA	20181115	-20	30	NA	16S rRNA	V4-V5	515F	GTGYCAGCMGCCGCGGTAA	926R	CCGYCAATTYMTTTRAGTTT	1_95 for 3:00, 2_98 for 0:20, 3_65 for 0:15, 4_72 for 0:15, 5_72 for 1:00	35x (steps 2-4)	NA	NA	16		80	3		FastDNA Spin Kit for Soil	NA	1000	NA	NA	20181123	Offshore produced water samples sent for 16S rRNA gene amplicon sequence	TN-6	1	Strous Lab	NA	NA	NA	S501	AATGATACGGCGACCACCGAGATCTACACTAGATCGCTCGTCGGCAGCGTC	P705	CAAGCAGAAGACGGCATACGAGATAGGAGTCCGTCTCGTGGGCTCGG	NA	NA	MiSeq	NA	NA	NA	NA	NA	NA	NA	NA	NA	NA	NA	NA	NA	NA	NA	NA	NA
20181123-117-G002-UI38-NMR-TN-7-1	Natalie Rachel	NMR	Lisa Gieg	B2	UI38	G002	P001	117	NA	20181011	platform_B	NA	NA	NA	NA	NA	NA	4	NA	NA	NA	NA	NA	NA	NA	NA	NA	NA	NA		SeaWater	NA	4	0	0.5	NA	NA	NA	NA	NA	NA	NA	NA	NA	NA	768000	NA	NA	NA	NA	NA	NA	NA	20181115	-20	30	NA	16S rRNA	V4-V5	515F	GTGYCAGCMGCCGCGGTAA	926R	CCGYCAATTYMTTTRAGTTT	1_95 for 3:00, 2_98 for 0:20, 3_65 for 0:15, 4_72 for 0:15, 5_72 for 1:00	35x (steps 2-4)	NA	NA	50		80	3		FastDNA Spin Kit for Soil	NA	1000	NA	NA	20181123	Offshore produced water samples sent for 16S rRNA gene amplicon sequence	TN-7	1	Strous Lab	NA	NA	NA	S501	AATGATACGGCGACCACCGAGATCTACACTAGATCGCTCGTCGGCAGCGTC	P706	CAAGCAGAAGACGGCATACGAGATCATGCCTAGTCTCGTGGGCTCGG	NA	NA	MiSeq	NA	NA	NA	NA	NA	NA	NA	NA	NA	NA	NA	NA	NA	NA	NA	NA	NA
20181123-117-G002-UI39-NMR-TN-8-1	Natalie Rachel	NMR	Lisa Gieg	B2	UI39	G002	P001	117	NA	20181012	platform_B	NA	NA	NA	NA	NA	NA	4	NA	NA	NA	NA	NA	NA	NA	NA	NA	NA	NA		Oil, after MP sep to LP sep	NA	NA	NA	NA	NA	NA	NA	NA	NA	NA	NA	NA	NA	NA	23400	NA	NA	NA	NA	NA	NA	NA	20181115	-20	30	NA	16S rRNA	V4-V5	515F	GTGYCAGCMGCCGCGGTAA	926R	CCGYCAATTYMTTTRAGTTT	1_95 for 3:00, 2_98 for 0:20, 3_65 for 0:15, 4_72 for 0:15, 5_72 for 1:01	35x (steps 2-4)	NA	NA	6		80	3		FastDNA Spin Kit for Soil	NA	1000	NA	NA	20181123	Offshore produced water samples sent for 16S rRNA gene amplicon sequence	TN-8	1	Strous Lab	NA	NA	NA	S501	AATGATACGGCGACCACCGAGATCTACACTAGATCGCTCGTCGGCAGCGTC	P707	CAAGCAGAAGACGGCATACGAGATGTAGAGAGGTCTCGTGGGCTCGG	NA	NA	MiSeq	NA	NA	NA	NA	NA	NA	NA	NA	NA	NA	NA	NA	NA	NA	NA	NA	NA
20181123-117-G002-UI40-NMR-TN-9-1	Natalie Rachel	NMR	Lisa Gieg	B2	UI40	G002	P001	117	NA	20181012	platform_B	NA	NA	NA	NA	NA	NA	4	NA	NA	NA	NA	NA	NA	NA	NA	NA	NA	NA		Oil, after coalescer	NA	NA	NA	NA	NA	NA	NA	NA	NA	NA	NA	NA	NA	NA	395	NA	NA	NA	NA	NA	NA	NA	20181115	-20	30	NA	16S rRNA	V4-V5	515F	GTGYCAGCMGCCGCGGTAA	926R	CCGYCAATTYMTTTRAGTTT	1_95 for 3:00, 2_98 for 0:20, 3_65 for 0:15, 4_72 for 0:15, 5_72 for 1:02	35x (steps 2-4)	NA	NA	0.3		80	3		FastDNA Spin Kit for Soil	NA	1000	NA	NA	20181123	Offshore produced water samples sent for 16S rRNA gene amplicon sequence	TN-9	1	Strous Lab	NA	NA	NA	S501	AATGATACGGCGACCACCGAGATCTACACTAGATCGCTCGTCGGCAGCGTC	P708	CAAGCAGAAGACGGCATACGAGATCCTCTCTGGTCTCGTGGGCTCGG	NA	NA	MiSeq	NA	NA	NA	NA	NA	NA	NA	NA	NA	NA	NA	NA	NA	NA	NA	NA	NA
20181123-117-G002-UI41-NMR-KD-TN-2PW-1	Natalie Rachel	NMR	Lisa Gieg	B2	UI41	G002	P001	117	NA	20181012	platform_B	NA	NA	NA	NA	NA	NA	4	NA	NA	NA	NA	NA	NA	NA	NA	NA	NA	NA		Produced Water	NA																	NA	NA	NA	NA	NA	20181115	-20	30	NA	16S rRNA	V4-V5	515F	GTGYCAGCMGCCGCGGTAA	926R	CCGYCAATTYMTTTRAGTTT	1_95 for 3:00, 2_98 for 0:20, 3_65 for 0:15, 4_72 for 0:15, 5_72 for 1:03	35x (steps 2-4)	NA	NA	6.7		80	3		FastDNA Spin Kit for Soil	NA	1000	NA	NA	20181123	Offshore produced water samples sent for 16S rRNA gene amplicon sequence	KD-TN-2PW	1	Strous Lab	NA	NA	NA	S501	AATGATACGGCGACCACCGAGATCTACACTAGATCGCTCGTCGGCAGCGTC	P709	CAAGCAGAAGACGGCATACGAGATAGCGTAGCGTCTCGTGGGCTCGG	NA	NA	MiSeq	NA	NA	NA	NA	NA	NA	NA	NA	NA	NA	NA	NA	NA	NA	NA	NA	NA
20181123-117-G002-UI42-NMR-KD-TN-5PW-1	Natalie Rachel	NMR	Lisa Gieg	B2	UI42	G002	P001	117	NA	20181012	platform_B	NA	NA	NA	NA	NA	NA	4	NA	NA	NA	NA	NA	NA	NA	NA	NA	NA	NA		Produced Water	NA																	NA	NA	NA	NA	NA	20181115	-20	30	NA	16S rRNA	V4-V5	515F	GTGYCAGCMGCCGCGGTAA	926R	CCGYCAATTYMTTTRAGTTT	1_95 for 3:00, 2_98 for 0:20, 3_65 for 0:15, 4_72 for 0:15, 5_72 for 1:04	35x (steps 2-4)	NA	NA	22.4		80	3		FastDNA Spin Kit for Soil	NA	1000	NA	NA	20181123	Offshore produced water samples sent for 16S rRNA gene amplicon sequence	KD-TN-5PW	1	Strous Lab	NA	NA	NA	S501	AATGATACGGCGACCACCGAGATCTACACTAGATCGCTCGTCGGCAGCGTC	P710	CAAGCAGAAGACGGCATACGAGATCAGCCTCGGTCTCGTGGGCTCGG	NA	NA	MiSeq	NA	NA	NA	NA	NA	NA	NA	NA	NA	NA	NA	NA	NA	NA	NA	NA	NA
20181123-117-G002-UI43-NMR-KD-TN-19PW-1	Natalie Rachel	NMR	Lisa Gieg	B2	UI43	G002	P001	117	NA	20181012	platform_B	NA	NA	NA	NA	NA	NA	4	NA	NA	NA	NA	NA	NA	NA	NA	NA	NA	NA		Produced Water	NA																	NA	NA	NA	NA	NA	20181115	-20	30	NA	16S rRNA	V4-V5	515F	GTGYCAGCMGCCGCGGTAA	926R	CCGYCAATTYMTTTRAGTTT	1_95 for 3:00, 2_98 for 0:20, 3_65 for 0:15, 4_72 for 0:15, 5_72 for 1:05	35x (steps 2-4)	NA	NA	12.6		80	3		FastDNA Spin Kit for Soil	NA	1000	NA	NA	20181123	Offshore produced water samples sent for 16S rRNA gene amplicon sequence	KD-TN-19PW	1	Strous Lab	NA	NA	NA	S501	AATGATACGGCGACCACCGAGATCTACACTAGATCGCTCGTCGGCAGCGTC	P711	CAAGCAGAAGACGGCATACGAGATTGCCTCTTGTCTCGTGGGCTCGG	NA	NA	MiSeq	NA	NA	NA	NA	NA	NA	NA	NA	NA	NA	NA	NA	NA	NA	NA	NA	NA
20181123-117-G002-UI44-NMR-KD-TN-SW-1	Natalie Rachel	NMR	Lisa Gieg	B2	UI44	G002	P001	117	NA	20181012	platform_B	NA	NA	NA	NA	NA	NA	4	NA	NA	NA	NA	NA	NA	NA	NA	NA	NA	NA		Produced Water	NA																	NA	NA	NA	NA	NA	20181115	-20	30	NA	16S rRNA	V4-V5	515F	GTGYCAGCMGCCGCGGTAA	926R	CCGYCAATTYMTTTRAGTTT	1_95 for 3:00, 2_98 for 0:20, 3_65 for 0:15, 4_72 for 0:15, 5_72 for 1:06	35x (steps 2-4)	NA	NA	15.6		80	3		FastDNA Spin Kit for Soil	NA	1000	NA	NA	20181123	Offshore produced water samples sent for 16S rRNA gene amplicon sequence	KD-TN-SW	1	Strous Lab	NA	NA	NA	S501	AATGATACGGCGACCACCGAGATCTACACTAGATCGCTCGTCGGCAGCGTC	P712	CAAGCAGAAGACGGCATACGAGATTCCTCTACGTCTCGTGGGCTCGG	NA	NA	MiSeq	NA	NA	NA	NA	NA	NA	NA	NA	NA	NA	NA	NA	NA	NA	NA	NA	NA
20190320-107-G002-UI99-dsn-107_002_P-2	Danika Nicoletti	DSN	Lisa Gieg	B4	UI99	G002	P002	107		20180718	Newfoundland FPSO Platform A		0	0	1 L Plastic Bottle	4°C	4°C	4°C	produced_water		water		GenoMIC_Offshore_NitrateInj	oil_organics_CO2	Sulfate	54	34.48	NA	7.02		produced_water	microcosm																	NA	NA	NA	NA	FastDNA Spin Kit for Soil	20190104	-20	14		16S rRNA	V4-V5	515F	GTGYCAGCMGCCGCGGTAA	926R	CCGYCWATTYMTTTRAGTTT	1_95 for 5:00, 2_95 for 0:30, 3_55 for 4:00, 4_72 for 2:00, 5_72 for 10:00, 6_4 forever	repeat_2_to_4_25x	NA	NA	0.101	14.6	15.3	15.3	30	Modified FastDNA Spin Kit for Soil	NA	30	NA	NA	20190320	Produced water microcosm no additive coupon planktonic rep 2	107_002_P	2	Children's Hospital				S501	TAGATCGC	N701	TAAGGCGA			MiSeq																	
20190320-107-G002-UI100-dsn-107_003_P-3	Danika Nicoletti	DSN	Lisa Gieg	B4	UI100	G002	P002	107		20180718	Newfoundland FPSO Platform A		0	0	1 L Plastic Bottle	4°C	4°C	4°C	produced_water		water		GenoMIC_Offshore_NitrateInj	oil_organics_CO2	Sulfate	54	34.48	NA	7.02		produced_water	microcosm																	NA	NA	NA	NA	FastDNA Spin Kit for Soil	20190104	-20	14		16S rRNA	V4-V5	515F	GTGYCAGCMGCCGCGGTAA	926R	CCGYCWATTYMTTTRAGTTT	1_95 for 5:00, 2_95 for 0:30, 3_55 for 4:00, 4_72 for 2:00, 5_72 for 10:00, 6_4 forever	repeat_2_to_4_25x	NA	NA	1.18	17.2	15.5	15.5	30	Modified FastDNA Spin Kit for Soil	NA	30	NA	NA	20190320	Produced water microcosm no additive coupon planktonic rep 3	107_003_P	3	Children's Hospital				S501	TAGATCGC	N702	CGTACTAG			MiSeq																	
20190320-107-G002-UI101-dsn-107_004_P-C	Danika Nicoletti	DSN	Lisa Gieg	B4	UI101	G002	P002	107		20180718	Newfoundland FPSO Platform A		0	0	1 L Plastic Bottle	4°C	4°C	4°C	produced_water		water		GenoMIC_Offshore_NitrateInj	oil_organics_CO2	Sulfate	54	34.48	NA	7.02		produced_water	microcosm																	NA	NA	NA	NA	FastDNA Spin Kit for Soil	20190104	-20	14		16S rRNA	V4-V5	515F	GTGYCAGCMGCCGCGGTAA	926R	CCGYCWATTYMTTTRAGTTT	1_95 for 5:00, 2_95 for 0:30, 3_55 for 4:00, 4_72 for 2:00, 5_72 for 10:00, 6_4 forever	repeat_2_to_4_25x	NA	NA	<0.05	13.4	15.1	15.1	30	Modified FastDNA Spin Kit for Soil	NA	30	NA	NA	20190320	Produced water microcosm no additive coupon planktonic control	107_004_P	C	Children's Hospital				S501	TAGATCGC	N703	AGGCAGAA			MiSeq																	
20190320-107-G002-UI102-dsn-107_005_P-1	Danika Nicoletti	DSN	Lisa Gieg	B4	UI102	G002	P002	107		20180718	Newfoundland FPSO Platform A		0	0	1 L Plastic Bottle	4°C	4°C	4°C	produced_water		water		GenoMIC_Offshore_NitrateInj	oil_organics_CO2	Sulfate	54	34.48	NA	7.02		produced_water	microcosm																	NA	NA	NA	NA	FastDNA Spin Kit for Soil	20190104	-20	14		16S rRNA	V4-V5	515F	GTGYCAGCMGCCGCGGTAA	926R	CCGYCWATTYMTTTRAGTTT	1_95 for 5:00, 2_95 for 0:30, 3_55 for 4:00, 4_72 for 2:00, 5_72 for 10:00, 6_4 forever	repeat_2_to_4_25x	NA	NA	0.549	14.5	15.7	15.7	30	Modified FastDNA Spin Kit for Soil	NA	30	NA	NA	20190320	Produced water microcosm w sulfide coupon planktonic rep 1	107_005_P	1	Children's Hospital				S501	TAGATCGC	N704	TCCTGAGC			MiSeq																	
20190320-107-G002-UI103-dsn-107_007_P-3	Danika Nicoletti	DSN	Lisa Gieg	B4	UI103	G002	P002	107		20180718	Newfoundland FPSO Platform A		0	0	1 L Plastic Bottle	4°C	4°C	4°C	produced_water		water		GenoMIC_Offshore_NitrateInj	oil_organics_CO2	Sulfate	54	34.48	NA	7.02		produced_water	microcosm																	NA	NA	NA	NA	FastDNA Spin Kit for Soil	20190104	-20	14		16S rRNA	V4-V5	515F	GTGYCAGCMGCCGCGGTAA	926R	CCGYCWATTYMTTTRAGTTT	1_95 for 5:00, 2_95 for 0:30, 3_55 for 4:00, 4_72 for 2:00, 5_72 for 10:00, 6_4 forever	repeat_2_to_4_25x	NA	NA	0.305				30	Modified FastDNA Spin Kit for Soil	NA	30	NA	NA	20190320	Produced water microcosm w sulfide coupon planktonic rep 3	107_007_P	3	Children's Hospital				S501	TAGATCGC	N705	GGACTCCT			MiSeq																	
20190320-107-G002-UI104-dsn-107_008_P-C	Danika Nicoletti	DSN	Lisa Gieg	B4	UI104	G002	P002	107		20180718	Newfoundland FPSO Platform A		0	0	1 L Plastic Bottle	4°C	4°C	4°C	produced_water		water		GenoMIC_Offshore_NitrateInj	oil_organics_CO2	Sulfate	54	34.48	NA	7.02		produced_water	microcosm																	NA	NA	NA	NA	FastDNA Spin Kit for Soil	20190104	-20	14		16S rRNA	V4-V5	515F	GTGYCAGCMGCCGCGGTAA	926R	CCGYCWATTYMTTTRAGTTT	1_95 for 5:00, 2_95 for 0:30, 3_55 for 4:00, 4_72 for 2:00, 5_72 for 10:00, 6_4 forever	repeat_2_to_4_25x	NA	NA	0.112	19.9	12.3	12.3	30	Modified FastDNA Spin Kit for Soil	NA	30	NA	NA	20190320	Produced water microcosm w sulfide coupon planktonic control	107_008_P	C	Children's Hospital				S501	TAGATCGC	N706	TAGGCATG			MiSeq																	
20190320-107-G002-UI105-dsn-107_009_P-1	Danika Nicoletti	DSN	Lisa Gieg	B4	UI105	G002	P002	107		20180718	Newfoundland FPSO Platform A		0	0	1 L Plastic Bottle	4°C	4°C	4°C	produced_water		water		GenoMIC_Offshore_NitrateInj	oil_organics_CO2	NitrateLow	54	34.48	NA	7.02		produced_water	microcosm																	NA	NA	NA	NA	FastDNA Spin Kit for Soil	20190104	-20	14		16S rRNA	V4-V5	515F	GTGYCAGCMGCCGCGGTAA	926R	CCGYCWATTYMTTTRAGTTT	1_95 for 5:00, 2_95 for 0:30, 3_55 for 4:00, 4_72 for 2:00, 5_72 for 10:00, 6_4 forever	repeat_2_to_4_25x	NA	NA	0.389	15.4	14.5	14.5	30	Modified FastDNA Spin Kit for Soil	NA	30	NA	NA	20190320	Produced water microcosm 0.5mM Nitrate coupon planktonic rep 1	107_009_P	1	Children's Hospital				S501	TAGATCGC	N707	CTCTCTAC			MiSeq																	
20190320-107-G002-UI106-dsn-107_010_P-2	Danika Nicoletti	DSN	Lisa Gieg	B4	UI106	G002	P002	107		20180718	Newfoundland FPSO Platform A		0	0	1 L Plastic Bottle	4°C	4°C	4°C	produced_water		water		GenoMIC_Offshore_NitrateInj	oil_organics_CO2	NitrateLow	54	34.48	NA	7.02		produced_water	microcosm																	NA	NA	NA	NA	FastDNA Spin Kit for Soil	20190104	-20	14		16S rRNA	V4-V5	515F	GTGYCAGCMGCCGCGGTAA	926R	CCGYCWATTYMTTTRAGTTT	1_95 for 5:00, 2_95 for 0:30, 3_55 for 4:00, 4_72 for 2:00, 5_72 for 10:00, 6_4 forever	repeat_2_to_4_25x	NA	NA	0.351	11.6	14	14	30	Modified FastDNA Spin Kit for Soil	NA	30	NA	NA	20190320	Produced water microcosm 0.5mM Nitrate coupon planktonic rep 2	107_010_P	2	Children's Hospital				S501	TAGATCGC	N708	CAGAGAGG			MiSeq																	
20190320-107-G002-UI107-dsn-107_012_P-C	Danika Nicoletti	DSN	Lisa Gieg	B4	UI107	G002	P002	107		20180718	Newfoundland FPSO Platform A		0	0	1 L Plastic Bottle	4°C	4°C	4°C	produced_water		water		GenoMIC_Offshore_NitrateInj	oil_organics_CO2	NitrateLow	54	34.48	NA	7.02		produced_water	microcosm																	NA	NA	NA	NA	FastDNA Spin Kit for Soil	20190104	-20	14		16S rRNA	V4-V5	515F	GTGYCAGCMGCCGCGGTAA	926R	CCGYCWATTYMTTTRAGTTT	1_95 for 5:00, 2_95 for 0:30, 3_55 for 4:00, 4_72 for 2:00, 5_72 for 10:00, 6_4 forever	repeat_2_to_4_25x	NA	NA	<0.05				30	Modified FastDNA Spin Kit for Soil	NA	30	NA	NA	20190320	Produced water microcosm 0.5mM Nitrate coupon planktonic control	107_012_P	C	Children's Hospital				S501	TAGATCGC	N709	GCTACGCT			MiSeq																	
20190320-107-G002-UI108-dsn-107_014_P-2	Danika Nicoletti	DSN	Lisa Gieg	B4	UI108	G002	P002	107		20180718	Newfoundland FPSO Platform A		0	0	1 L Plastic Bottle	4°C	4°C	4°C	produced_water		water		GenoMIC_Offshore_NitrateInj	oil_organics_CO2	NitrateLow_Sulfide	54	34.48	NA	7.02		produced_water	microcosm																	NA	NA	NA	NA	FastDNA Spin Kit for Soil	20190104	-20	14		16S rRNA	V4-V5	515F	GTGYCAGCMGCCGCGGTAA	926R	CCGYCWATTYMTTTRAGTTT	1_95 for 5:00, 2_95 for 0:30, 3_55 for 4:00, 4_72 for 2:00, 5_72 for 10:00, 6_4 forever	repeat_2_to_4_25x	NA	NA	1.09	17.6	20.8	20.8	30	Modified FastDNA Spin Kit for Soil	NA	30	NA	NA	20190320	Produced water microcosm 0.5 mM Nitrate 5 mM sulfide coupon planktonic rep 2	107_014_P	2	Children's Hospital				S501	TAGATCGC	N710	CGAGGCTG			MiSeq																	
20190320-107-G002-UI109-dsn-107_015_P-3	Danika Nicoletti	DSN	Lisa Gieg	B4	UI109	G002	P002	107		20180718	Newfoundland FPSO Platform A		0	0	1 L Plastic Bottle	4°C	4°C	4°C	produced_water		water		GenoMIC_Offshore_NitrateInj	oil_organics_CO2	NitrateLow_Sulfide	54	34.48	NA	7.02		produced_water	microcosm																	NA	NA	NA	NA	FastDNA Spin Kit for Soil	20190104	-20	14		16S rRNA	V4-V5	515F	GTGYCAGCMGCCGCGGTAA	926R	CCGYCWATTYMTTTRAGTTT	1_95 for 5:00, 2_95 for 0:30, 3_55 for 4:00, 4_72 for 2:00, 5_72 for 10:00, 6_4 forever	repeat_2_to_4_25x	NA	NA	0.333	17.2	11.2	11.2	30	Modified FastDNA Spin Kit for Soil	NA	30	NA	NA	20190320	Produced water microcosm 0.5 mM Nitrate 5 mM sulfide coupon planktonic rep 3	107_015_P	3	Children's Hospital				S501	TAGATCGC	N711	AAGAGGCA			MiSeq																	
20190320-107-G002-UI110-dsn-107_016_P-C	Danika Nicoletti	DSN	Lisa Gieg	B4	UI110	G002	P002	107		20180718	Newfoundland FPSO Platform A		0	0	1 L Plastic Bottle	4°C	4°C	4°C	produced_water		water		GenoMIC_Offshore_NitrateInj	oil_organics_CO2	NitrateLow_Sulfide	54	34.48	NA	7.02		produced_water	microcosm																	NA	NA	NA	NA	FastDNA Spin Kit for Soil	20190104	-20	14		16S rRNA	V4-V5	515F	GTGYCAGCMGCCGCGGTAA	926R	CCGYCWATTYMTTTRAGTTT	1_95 for 5:00, 2_95 for 0:30, 3_55 for 4:00, 4_72 for 2:00, 5_72 for 10:00, 6_4 forever	repeat_2_to_4_25x	NA	NA	0.072	13.4	16.6	16.6	30	Modified FastDNA Spin Kit for Soil	NA	30	NA	NA	20190320	Produced water microcosm 0.5 mM Nitrate 5 mM sulfide coupon planktonic control	107_016_P	C	Children's Hospital				S501	TAGATCGC	N712	GTAGAGGA			MiSeq																	
20190320-107-G002-UI111-dsn-107_017_P-1	Danika Nicoletti	DSN	Lisa Gieg	B4	UI111	G002	P002	107		20180718	Newfoundland FPSO Platform A		0	0	1 L Plastic Bottle	4°C	4°C	4°C	produced_water		water		GenoMIC_Offshore_NitrateInj	oil_organics_CO2	NitrateHigh	54	34.48	NA	7.02		produced_water	microcosm																	NA	NA	NA	NA	FastDNA Spin Kit for Soil	20190104	-20	14		16S rRNA	V4-V5	515F	GTGYCAGCMGCCGCGGTAA	926R	CCGYCWATTYMTTTRAGTTT	1_95 for 5:00, 2_95 for 0:30, 3_55 for 4:00, 4_72 for 2:00, 5_72 for 10:00, 6_4 forever	repeat_2_to_4_25x	NA	NA	1.14	17.7	15.7	15.7	30	Modified FastDNA Spin Kit for Soil	NA	30	NA	NA	20190320	Produced water microcosm 5 mM Nitrate coupon planktonic rep 1	107_017_P	1	Children's Hospital				S502	CTCTCTAT	N701	TAAGGCGA			MiSeq																	
20190320-107-G002-UI112-dsn-107_019_P-3	Danika Nicoletti	DSN	Lisa Gieg	B4	UI112	G002	P002	107		20180718	Newfoundland FPSO Platform A		0	0	1 L Plastic Bottle	4°C	4°C	4°C	produced_water		water		GenoMIC_Offshore_NitrateInj	oil_organics_CO2	NitrateHigh	54	34.48	NA	7.02		produced_water	microcosm																	NA	NA	NA	NA	FastDNA Spin Kit for Soil	20190104	-20	14		16S rRNA	V4-V5	515F	GTGYCAGCMGCCGCGGTAA	926R	CCGYCWATTYMTTTRAGTTT	1_95 for 5:00, 2_95 for 0:30, 3_55 for 4:00, 4_72 for 2:00, 5_72 for 10:00, 6_4 forever	repeat_2_to_4_25x	NA	NA	0.205	18.3	14.4	14.4	30	Modified FastDNA Spin Kit for Soil	NA	30	NA	NA	20190320	Produced water microcosm 5 mM Nitrate coupon planktonic rep 3	107_019_P	3	Children's Hospital				S502	CTCTCTAT	N702	CGTACTAG			MiSeq																	
20190320-107-G002-UI113-dsn-107_020_P-C	Danika Nicoletti	DSN	Lisa Gieg	B4	UI113	G002	P002	107		20180718	Newfoundland FPSO Platform A		0	0	1 L Plastic Bottle	4°C	4°C	4°C	produced_water		water		GenoMIC_Offshore_NitrateInj	oil_organics_CO2	NitrateHigh	54	34.48	NA	7.02		produced_water	microcosm																	NA	NA	NA	NA	FastDNA Spin Kit for Soil	20190104	-20	14		16S rRNA	V4-V5	515F	GTGYCAGCMGCCGCGGTAA	926R	CCGYCWATTYMTTTRAGTTT	1_95 for 5:00, 2_95 for 0:30, 3_55 for 4:00, 4_72 for 2:00, 5_72 for 10:00, 6_4 forever	repeat_2_to_4_25x	NA	NA	0.11	19.3	16.9	16.9	30	Modified FastDNA Spin Kit for Soil	NA	30	NA	NA	20190320	Produced water microcosm 5 mM Nitrate coupon planktonic control	107_020_P	C	Children's Hospital				S502	CTCTCTAT	N703	AGGCAGAA			MiSeq																	
20190320-107-G002-UI114-dsn-107_022_P-2	Danika Nicoletti	DSN	Lisa Gieg	B4	UI114	G002	P002	107		20180718	Newfoundland FPSO Platform A		0	0	1 L Plastic Bottle	4°C	4°C	4°C	produced_water		water		GenoMIC_Offshore_NitrateInj	oil_organics_CO2	NitrateHigh_sulfide	54	34.48	NA	7.02		produced_water	microcosm																	NA	NA	NA	NA	FastDNA Spin Kit for Soil	20190104	-20	14		16S rRNA	V4-V5	515F	GTGYCAGCMGCCGCGGTAA	926R	CCGYCWATTYMTTTRAGTTT	1_95 for 5:00, 2_95 for 0:30, 3_55 for 4:00, 4_72 for 2:00, 5_72 for 10:00, 6_4 forever	repeat_2_to_4_25x	NA	NA	0.626	14.8	14.1	14.1	30	Modified FastDNA Spin Kit for Soil	NA	30	NA	NA	20190320	Produced water microcosm 5 mM Nitrate 5 mM Sulfide coupon planktonic rep 2	107_022_P	2	Children's Hospital				S502	CTCTCTAT	N704	TCCTGAGC			MiSeq																	
20190320-107-G002-UI115-dsn-107_023_P-3	Danika Nicoletti	DSN	Lisa Gieg	B4	UI115	G002	P002	107		20180718	Newfoundland FPSO Platform A		0	0	1 L Plastic Bottle	4°C	4°C	4°C	produced_water		water		GenoMIC_Offshore_NitrateInj	oil_organics_CO2	NitrateHigh_sulfide	54	34.48	NA	7.02		produced_water	microcosm																	NA	NA	NA	NA	FastDNA Spin Kit for Soil	20190104	-20	14		16S rRNA	V4-V5	515F	GTGYCAGCMGCCGCGGTAA	926R	CCGYCWATTYMTTTRAGTTT	1_95 for 5:00, 2_95 for 0:30, 3_55 for 4:00, 4_72 for 2:00, 5_72 for 10:00, 6_4 forever	repeat_2_to_4_25x	NA	NA	1.44	13.8	15.2	15.2	30	Modified FastDNA Spin Kit for Soil	NA	30	NA	NA	20190320	Produced water microcosm 5 mM Nitrate 5 mM Sulfide coupon planktonic rep 3	107_023_P	3	Children's Hospital				S502	CTCTCTAT	N705	GGACTCCT			MiSeq																	
20190320-107-G002-UI116-dsn-107_024_P-C	Danika Nicoletti	DSN	Lisa Gieg	B4	UI116	G002	P002	107		20180718	Newfoundland FPSO Platform A		0	0	1 L Plastic Bottle	4°C	4°C	4°C	produced_water		water		GenoMIC_Offshore_NitrateInj	oil_organics_CO2	NitrateHigh_sulfide	54	34.48	NA	7.02		produced_water	microcosm																	NA	NA	NA	NA	FastDNA Spin Kit for Soil	20190104	-20	14		16S rRNA	V4-V5	515F	GTGYCAGCMGCCGCGGTAA	926R	CCGYCWATTYMTTTRAGTTT	1_95 for 5:00, 2_95 for 0:30, 3_55 for 4:00, 4_72 for 2:00, 5_72 for 10:00, 6_4 forever	repeat_2_to_4_25x	NA	NA	<0.05				30	Modified FastDNA Spin Kit for Soil	NA	30	NA	NA	20190320	Produced water microcosm 5 mM Nitrate 5 mM Sulfide coupon planktonic control	107_024_P	C	Children's Hospital				S502	CTCTCTAT	N706	TAGGCATG			MiSeq																	
20190320-107-G002-UI117-dsn-107_025_P-1	Danika Nicoletti	DSN	Lisa Gieg	B4	UI117	G002	P002	107		20180718	Newfoundland FPSO Platform A		0	0	1 L Plastic Bottle	4°C	4°C	4°C	produced_water		water		GenoMIC_Offshore_NitrateInj	oil_organics_CO2	Sulfate	54	34.48	NA	7.02		produced_water	microcosm																	NA	NA	NA	NA	FastDNA Spin Kit for Soil	20190104	-20	14		16S rRNA	V4-V5	515F	GTGYCAGCMGCCGCGGTAA	926R	CCGYCWATTYMTTTRAGTTT	1_95 for 5:00, 2_95 for 0:30, 3_55 for 4:00, 4_72 for 2:00, 5_72 for 10:00, 6_4 forever	repeat_2_to_4_25x	NA	NA	0.579	2.06			30	Modified FastDNA Spin Kit for Soil	NA	30	NA	NA	20190320	Produced water microcosm no additive coupon planktonic rep 1	107_025_P	1	Children's Hospital				S502	CTCTCTAT	N707	CTCTCTAC			MiSeq																	
20190320-107-G002-UI118-dsn-107_027_P-3	Danika Nicoletti	DSN	Lisa Gieg	B4	UI118	G002	P002	107		20180718	Newfoundland FPSO Platform A		0	0	1 L Plastic Bottle	4°C	4°C	4°C	produced_water		water		GenoMIC_Offshore_NitrateInj	oil_organics_CO2	Sulfate	54	34.48	NA	7.02		produced_water	microcosm																	NA	NA	NA	NA	FastDNA Spin Kit for Soil	20190104	-20	14		16S rRNA	V4-V5	515F	GTGYCAGCMGCCGCGGTAA	926R	CCGYCWATTYMTTTRAGTTT	1_95 for 5:00, 2_95 for 0:30, 3_55 for 4:00, 4_72 for 2:00, 5_72 for 10:00, 6_4 forever	repeat_2_to_4_25x	NA	NA	<0.05	11.7			30	Modified FastDNA Spin Kit for Soil	NA	30	NA	NA	20190320	Produced water microcosm no additive coupon planktonic rep 3	107_027_P	3	Children's Hospital				S502	CTCTCTAT	N708	CAGAGAGG			MiSeq																	
20190320-107-G002-UI119-dsn-107_028_P-C	Danika Nicoletti	DSN	Lisa Gieg	B4	UI119	G002	P002	107		20180718	Newfoundland FPSO Platform A		0	0	1 L Plastic Bottle	4°C	4°C	4°C	produced_water		water		GenoMIC_Offshore_NitrateInj	oil_organics_CO2	Sulfate	54	34.48	NA	7.02		produced_water	microcosm																	NA	NA	NA	NA	FastDNA Spin Kit for Soil	20190104	-20	14		16S rRNA	V4-V5	515F	GTGYCAGCMGCCGCGGTAA	926R	CCGYCWATTYMTTTRAGTTT	1_95 for 5:00, 2_95 for 0:30, 3_55 for 4:00, 4_72 for 2:00, 5_72 for 10:00, 6_4 forever	repeat_2_to_4_25x	NA	NA	0.122	36.8	11.6	11.6	30	Modified FastDNA Spin Kit for Soil	NA	30	NA	NA	20190320	Produced water microcosm no additive coupon planktonic control	107_028_P	C	Children's Hospital				S502	CTCTCTAT	N709	GCTACGCT			MiSeq																	
20190320-107-G002-UI120-dsn-107_029_P-1	Danika Nicoletti	DSN	Lisa Gieg	B4	UI120	G002	P002	107		20180718	Newfoundland FPSO Platform A		0	0	1 L Plastic Bottle	4°C	4°C	4°C	produced_water		water		GenoMIC_Offshore_NitrateInj	oil_organics_CO2	Sulfate	54	34.48	NA	7.02		produced_water	microcosm																	NA	NA	NA	NA	FastDNA Spin Kit for Soil	20190104	-20	14		16S rRNA	V4-V5	515F	GTGYCAGCMGCCGCGGTAA	926R	CCGYCWATTYMTTTRAGTTT	1_95 for 5:00, 2_95 for 0:30, 3_55 for 4:00, 4_72 for 2:00, 5_72 for 10:00, 6_4 forever	repeat_2_to_4_25x	NA	NA	0.462	38.1	12.1	12.1	30	Modified FastDNA Spin Kit for Soil	NA	30	NA	NA	20190320	Produced water microcosm w sulfide coupon planktonic rep 1	107_029_P	1	Children's Hospital				S502	CTCTCTAT	N710	CGAGGCTG			MiSeq																	
20190320-107-G002-UI121-dsn-107_030_P-2	Danika Nicoletti	DSN	Lisa Gieg	B4	UI121	G002	P002	107		20180718	Newfoundland FPSO Platform A		0	0	1 L Plastic Bottle	4°C	4°C	4°C	produced_water		water		GenoMIC_Offshore_NitrateInj	oil_organics_CO2	Sulfate	54	34.48	NA	7.02		produced_water	microcosm																	NA	NA	NA	NA	FastDNA Spin Kit for Soil	20190104	-20	14		16S rRNA	V4-V5	515F	GTGYCAGCMGCCGCGGTAA	926R	CCGYCWATTYMTTTRAGTTT	1_95 for 5:00, 2_95 for 0:30, 3_55 for 4:00, 4_72 for 2:00, 5_72 for 10:00, 6_4 forever	repeat_2_to_4_25x	NA	NA	0.557	36.1	15.5	15.5	30	Modified FastDNA Spin Kit for Soil	NA	30	NA	NA	20190320	Produced water microcosm w sulfide coupon planktonic rep 2	107_030_P	2	Children's Hospital				S502	CTCTCTAT	N711	AAGAGGCA			MiSeq																	
20190320-107-G002-UI122-dsn-107_032_P-C	Danika Nicoletti	DSN	Lisa Gieg	B4	UI122	G002	P002	107		20180718	Newfoundland FPSO Platform A		0	0	1 L Plastic Bottle	4°C	4°C	4°C	produced_water		water		GenoMIC_Offshore_NitrateInj	oil_organics_CO2	Sulfate	54	34.48	NA	7.02		produced_water	microcosm																	NA	NA	NA	NA	FastDNA Spin Kit for Soil	20190104	-20	14		16S rRNA	V4-V5	515F	GTGYCAGCMGCCGCGGTAA	926R	CCGYCWATTYMTTTRAGTTT	1_95 for 5:00, 2_95 for 0:30, 3_55 for 4:00, 4_72 for 2:00, 5_72 for 10:00, 6_4 forever	repeat_2_to_4_25x	NA	NA	0.092	6.27	13.9	13.9	30	Modified FastDNA Spin Kit for Soil	NA	30	NA	NA	20190320	Produced water microcosm w sulfide coupon planktonic control	107_032_P	C	Children's Hospital				S502	CTCTCTAT	N712	GTAGAGGA			MiSeq																	
20190320-107-G002-UI123-dsn-107_033_P-1	Danika Nicoletti	DSN	Lisa Gieg	B4	UI123	G002	P002	107		20180718	Newfoundland FPSO Platform A		0	0	1 L Plastic Bottle	4°C	4°C	4°C	produced_water		water		GenoMIC_Offshore_NitrateInj	oil_organics_CO2	NitriteLow	54	34.48	NA	7.02		produced_water	microcosm																	NA	NA	NA	NA	FastDNA Spin Kit for Soil	20190104	-20	14		16S rRNA	V4-V5	515F	GTGYCAGCMGCCGCGGTAA	926R	CCGYCWATTYMTTTRAGTTT	1_95 for 5:00, 2_95 for 0:30, 3_55 for 4:00, 4_72 for 2:00, 5_72 for 10:00, 6_4 forever	repeat_2_to_4_25x	NA	NA	1.03	41.8	10.5	10.5	30	Modified FastDNA Spin Kit for Soil	NA	30	NA	NA	20190320	Produced water microcosm 0.5 mM Nitrite coupon planktonic rep 1	107_033_P	1	Children's Hospital				S503	TATCCTCT	N701	TAAGGCGA			MiSeq																	
20190320-107-G002-UI124-dsn-107_035_P-3	Danika Nicoletti	DSN	Lisa Gieg	B4	UI124	G002	P002	107		20180718	Newfoundland FPSO Platform A		0	0	1 L Plastic Bottle	4°C	4°C	4°C	produced_water		water		GenoMIC_Offshore_NitrateInj	oil_organics_CO2	NitriteLow	54	34.48	NA	7.02		produced_water	microcosm																	NA	NA	NA	NA	FastDNA Spin Kit for Soil	20190104	-20	14		16S rRNA	V4-V5	515F	GTGYCAGCMGCCGCGGTAA	926R	CCGYCWATTYMTTTRAGTTT	1_95 for 5:00, 2_95 for 0:30, 3_55 for 4:00, 4_72 for 2:00, 5_72 for 10:00, 6_4 forever	repeat_2_to_4_25x	NA	NA	0.208	28.6	25.8	25.8	30	Modified FastDNA Spin Kit for Soil	NA	30	NA	NA	20190320	Produced water microcosm 0.5 mM Nitrite coupon planktonic rep 3	107_035_P	3	Children's Hospital				S503	TATCCTCT	N702	CGTACTAG			MiSeq																	
20190320-107-G002-UI125-dsn-107_036_P-C	Danika Nicoletti	DSN	Lisa Gieg	B4	UI125	G002	P002	107		20180718	Newfoundland FPSO Platform A		0	0	1 L Plastic Bottle	4°C	4°C	4°C	produced_water		water		GenoMIC_Offshore_NitrateInj	oil_organics_CO2	NitriteLow	54	34.48	NA	7.02		produced_water	microcosm																	NA	NA	NA	NA	FastDNA Spin Kit for Soil	20190104	-20	14		16S rRNA	V4-V5	515F	GTGYCAGCMGCCGCGGTAA	926R	CCGYCWATTYMTTTRAGTTT	1_95 for 5:00, 2_95 for 0:30, 3_55 for 4:00, 4_72 for 2:00, 5_72 for 10:00, 6_4 forever	repeat_2_to_4_25x	NA	NA	0.068	38	40.1	40.1	30	Modified FastDNA Spin Kit for Soil	NA	30	NA	NA	20190320	Produced water microcosm 0.5 mM Nitrite coupon planktonic coupon	107_036_P	C	Children's Hospital				S503	TATCCTCT	N703	AGGCAGAA			MiSeq																	
20190320-107-G002-UI126-dsn-107_037_P-1	Danika Nicoletti	DSN	Lisa Gieg	B4	UI126	G002	P002	107		20180718	Newfoundland FPSO Platform A		0	0	1 L Plastic Bottle	4°C	4°C	4°C	produced_water		water		GenoMIC_Offshore_NitrateInj	oil_organics_CO2	NitriteLow_Sulfide	54	34.48	NA	7.02		produced_water	microcosm																	NA	NA	NA	NA	FastDNA Spin Kit for Soil	20190104	-20	14		16S rRNA	V4-V5	515F	GTGYCAGCMGCCGCGGTAA	926R	CCGYCWATTYMTTTRAGTTT	1_95 for 5:00, 2_95 for 0:30, 3_55 for 4:00, 4_72 for 2:00, 5_72 for 10:00, 6_4 forever	repeat_2_to_4_25x	NA	NA	0.189	35.5	15	15	30	Modified FastDNA Spin Kit for Soil	NA	30	NA	NA	20190320	Produced water microcosm 0.5 mM Nitrite 5 mM Sulfide coupon planktonic rep 1	107_037_P	1	Children's Hospital				S503	TATCCTCT	N704	TCCTGAGC			MiSeq																	
20190320-107-G002-UI127-dsn-107_039_P-3	Danika Nicoletti	DSN	Lisa Gieg	B4	UI127	G002	P002	107		20180718	Newfoundland FPSO Platform A		0	0	1 L Plastic Bottle	4°C	4°C	4°C	produced_water		water		GenoMIC_Offshore_NitrateInj	oil_organics_CO2	NitriteLow_Sulfide	54	34.48	NA	7.02		produced_water	microcosm																	NA	NA	NA	NA	FastDNA Spin Kit for Soil	20190104	-20	14		16S rRNA	V4-V5	515F	GTGYCAGCMGCCGCGGTAA	926R	CCGYCWATTYMTTTRAGTTT	1_95 for 5:00, 2_95 for 0:30, 3_55 for 4:00, 4_72 for 2:00, 5_72 for 10:00, 6_4 forever	repeat_2_to_4_25x	NA	NA	0.321	38.3	19.2	19.2	30	Modified FastDNA Spin Kit for Soil	NA	30	NA	NA	20190320	Produced water microcosm 0.5 mM Nitrite 5 mM Sulfide coupon planktonic rep 3	107_039_P	3	Children's Hospital				S503	TATCCTCT	N705	GGACTCCT			MiSeq																	
20190320-107-G002-UI128-dsn-107_040_P-C	Danika Nicoletti	DSN	Lisa Gieg	B4	UI128	G002	P002	107		20180718	Newfoundland FPSO Platform A		0	0	1 L Plastic Bottle	4°C	4°C	4°C	produced_water		water		GenoMIC_Offshore_NitrateInj	oil_organics_CO2	NitriteLow_Sulfide	54	34.48	NA	7.02		produced_water	microcosm																	NA	NA	NA	NA	FastDNA Spin Kit for Soil	20190104	-20	14		16S rRNA	V4-V5	515F	GTGYCAGCMGCCGCGGTAA	926R	CCGYCWATTYMTTTRAGTTT	1_95 for 5:00, 2_95 for 0:30, 3_55 for 4:00, 4_72 for 2:00, 5_72 for 10:00, 6_4 forever	repeat_2_to_4_25x	NA	NA	<0.05	39.8	16.4	16.4	30	Modified FastDNA Spin Kit for Soil	NA	30	NA	NA	20190320	Produced water microcosm 0.5 mM Nitrite 5 mM Sulfide coupon planktonic control	107_040_P	C	Children's Hospital				S503	TATCCTCT	N706	TAGGCATG			MiSeq																	
20190320-107-G002-UI129-dsn-107_041_P-1	Danika Nicoletti	DSN	Lisa Gieg	B4	UI129	G002	P002	107		20180718	Newfoundland FPSO Platform A		0	0	1 L Plastic Bottle	4°C	4°C	4°C	produced_water		water		GenoMIC_Offshore_NitrateInj	oil_organics_CO2	NitriteHigh	54	34.48	NA	7.02		produced_water	microcosm																	NA	NA	NA	NA	FastDNA Spin Kit for Soil	20190104	-20	14		16S rRNA	V4-V5	515F	GTGYCAGCMGCCGCGGTAA	926R	CCGYCWATTYMTTTRAGTTT	1_95 for 5:00, 2_95 for 0:30, 3_55 for 4:00, 4_72 for 2:00, 5_72 for 10:00, 6_4 forever	repeat_2_to_4_25x	NA	NA	0.385	40.9	18.4	18.4	30	Modified FastDNA Spin Kit for Soil	NA	30	NA	NA	20190320	Produced water microcosm 5 mM Nitrite coupon planktonic rep 1	107_041_P	1	Children's Hospital				S503	TATCCTCT	N707	CTCTCTAC			MiSeq																	
20190320-107-G002-UI130-dsn-107_042_P-2	Danika Nicoletti	DSN	Lisa Gieg	B4	UI130	G002	P002	107		20180718	Newfoundland FPSO Platform A		0	0	1 L Plastic Bottle	4°C	4°C	4°C	produced_water		water		GenoMIC_Offshore_NitrateInj	oil_organics_CO2	NitriteHigh	54	34.48	NA	7.02		produced_water	microcosm																	NA	NA	NA	NA	FastDNA Spin Kit for Soil	20190104	-20	14		16S rRNA	V4-V5	515F	GTGYCAGCMGCCGCGGTAA	926R	CCGYCWATTYMTTTRAGTTT	1_95 for 5:00, 2_95 for 0:30, 3_55 for 4:00, 4_72 for 2:00, 5_72 for 10:00, 6_4 forever	repeat_2_to_4_25x	NA	NA	0.506	35	13.7	13.7	30	Modified FastDNA Spin Kit for Soil	NA	30	NA	NA	20190320	Produced water microcosm 5 mM Nitrite coupon planktonic rep 2	107_042_P	2	Children's Hospital				S503	TATCCTCT	N708	CAGAGAGG			MiSeq																	
20190320-107-G002-UI131-dsn-107_044_P-C	Danika Nicoletti	DSN	Lisa Gieg	B4	UI131	G002	P002	107		20180718	Newfoundland FPSO Platform A		0	0	1 L Plastic Bottle	4°C	4°C	4°C	produced_water		water		GenoMIC_Offshore_NitrateInj	oil_organics_CO2	NitriteHigh	54	34.48	NA	7.02		produced_water	microcosm																	NA	NA	NA	NA	FastDNA Spin Kit for Soil	20190104	-20	14		16S rRNA	V4-V5	515F	GTGYCAGCMGCCGCGGTAA	926R	CCGYCWATTYMTTTRAGTTT	1_95 for 5:00, 2_95 for 0:30, 3_55 for 4:00, 4_72 for 2:00, 5_72 for 10:00, 6_4 forever	repeat_2_to_4_25x	NA	NA	0.13	42.3	12.2	12.2	30	Modified FastDNA Spin Kit for Soil	NA	30	NA	NA	20190320	Produced water microcosm 5 mM Nitrite coupon planktonic control	107_044_P	C	Children's Hospital				S503	TATCCTCT	N709	GCTACGCT			MiSeq																	
20190320-107-G002-UI132-dsn-107_045_P-1	Danika Nicoletti	DSN	Lisa Gieg	B4	UI132	G002	P002	107		20180718	Newfoundland FPSO Platform A		0	0	1 L Plastic Bottle	4°C	4°C	4°C	produced_water		water		GenoMIC_Offshore_NitrateInj	oil_organics_CO2	NitriteHigh_Sulfide	54	34.48	NA	7.02		produced_water	microcosm																	NA	NA	NA	NA	FastDNA Spin Kit for Soil	20190104	-20	14		16S rRNA	V4-V5	515F	GTGYCAGCMGCCGCGGTAA	926R	CCGYCWATTYMTTTRAGTTT	1_95 for 5:00, 2_95 for 0:30, 3_55 for 4:00, 4_72 for 2:00, 5_72 for 10:00, 6_4 forever	repeat_2_to_4_25x	NA	NA	<0.05	27.4	67.1	67.1	30	Modified FastDNA Spin Kit for Soil	NA	30	NA	NA	20190320	Produced water microcosm 5 mM Nitrite 5 mM Sulfide coupon planktonic rep 1	107_045_P	1	Children's Hospital				S503	TATCCTCT	N710	CGAGGCTG			MiSeq																	
20190320-107-G002-UI133-dsn-107_047_P-3	Danika Nicoletti	DSN	Lisa Gieg	B4	UI133	G002	P002	107		20180718	Newfoundland FPSO Platform A		0	0	1 L Plastic Bottle	4°C	4°C	4°C	produced_water		water		GenoMIC_Offshore_NitrateInj	oil_organics_CO2	NitriteHigh_Sulfide	54	34.48	NA	7.02		produced_water	microcosm																	NA	NA	NA	NA	FastDNA Spin Kit for Soil	20190104	-20	14		16S rRNA	V4-V5	515F	GTGYCAGCMGCCGCGGTAA	926R	CCGYCWATTYMTTTRAGTTT	1_95 for 5:00, 2_95 for 0:30, 3_55 for 4:00, 4_72 for 2:00, 5_72 for 10:00, 6_4 forever	repeat_2_to_4_25x	NA	NA	0.15	27	40.6	40.6	30	Modified FastDNA Spin Kit for Soil	NA	30	NA	NA	20190320	Produced water microcosm 5 mM Nitrite 5 mM Sulfide coupon planktonic rep 3	107_047_P	3	Children's Hospital				S503	TATCCTCT	N711	AAGAGGCA			MiSeq																	
20190320-107-G002-UI134-dsn-107_048_P-C	Danika Nicoletti	DSN	Lisa Gieg	B4	UI134	G002	P002	107		20180718	Newfoundland FPSO Platform A		0	0	1 L Plastic Bottle	4°C	4°C	4°C	produced_water		water		GenoMIC_Offshore_NitrateInj	oil_organics_CO2	NitriteHigh_Sulfide	54	34.48	NA	7.02		produced_water	microcosm																	NA	NA	NA	NA	FastDNA Spin Kit for Soil	20190104	-20	14		16S rRNA	V4-V5	515F	GTGYCAGCMGCCGCGGTAA	926R	CCGYCWATTYMTTTRAGTTT	1_95 for 5:00, 2_95 for 0:30, 3_55 for 4:00, 4_72 for 2:00, 5_72 for 10:00, 6_4 forever	repeat_2_to_4_25x	NA	NA	<0.05	23.3	14.3	14.3	30	Modified FastDNA Spin Kit for Soil	NA	30	NA	NA	20190320	Produced water microcosm 5 mM Nitrite 5 mM Sulfide coupon planktonic control	107_048_P	C	Children's Hospital				S503	TATCCTCT	N712	GTAGAGGA			MiSeq																	
20190320-107-G002-UI135-dsn-107_002_S-2	Danika Nicoletti	DSN	Lisa Gieg	B4	UI135	G002	P002	107		20180718	Newfoundland FPSO Platform A		0	0	1 L Plastic Bottle	4°C	4°C	4°C	produced_water		water		GenoMIC_Offshore_NitrateInj	oil_organics_CO2	Sulfate	54	34.48	NA	7.02		produced_water	microcosm																	NA	NA	NA	NA	FastDNA Spin Kit for Soil	20190104	-20	14		16S rRNA	V4-V5	515F	GTGYCAGCMGCCGCGGTAA	926R	CCGYCWATTYMTTTRAGTTT	1_95 for 5:00, 2_95 for 0:30, 3_55 for 4:00, 4_72 for 2:00, 5_72 for 10:00, 6_4 forever	repeat_2_to_4_25x	NA	NA	<0.05	34.9	46.1	46.1	30	Modified FastDNA Spin Kit for Soil	NA	30	NA	NA	20190320	Produced water microcosm no additive coupon sessile rep 2	107_002_S	2	Children's Hospital				S504	AGAGTAGA	N701	TAAGGCGA			MiSeq																	
20190320-107-G002-UI136-dsn-107_003_S-3	Danika Nicoletti	DSN	Lisa Gieg	B4	UI136	G002	P002	107		20180718	Newfoundland FPSO Platform A		0	0	1 L Plastic Bottle	4°C	4°C	4°C	produced_water		water		GenoMIC_Offshore_NitrateInj	oil_organics_CO2	Sulfate	54	34.48	NA	7.02		produced_water	microcosm																	NA	NA	NA	NA	FastDNA Spin Kit for Soil	20190104	-20	14		16S rRNA	V4-V5	515F	GTGYCAGCMGCCGCGGTAA	926R	CCGYCWATTYMTTTRAGTTT	1_95 for 5:00, 2_95 for 0:30, 3_55 for 4:00, 4_72 for 2:00, 5_72 for 10:00, 6_4 forever	repeat_2_to_4_25x	NA	NA	<0.05	21.5	37	37	30	Modified FastDNA Spin Kit for Soil	NA	30	NA	NA	20190320	Produced water microcosm no additive coupon sessile rep 3	107_003_S	3	Children's Hospital				S504	AGAGTAGA	N702	CGTACTAG			MiSeq																	
20190320-107-G002-UI137-dsn-107_004_S-C	Danika Nicoletti	DSN	Lisa Gieg	B4	UI137	G002	P002	107		20180718	Newfoundland FPSO Platform A		0	0	1 L Plastic Bottle	4°C	4°C	4°C	produced_water		water		GenoMIC_Offshore_NitrateInj	oil_organics_CO2	Sulfate	54	34.48	NA	7.02		produced_water	microcosm																	NA	NA	NA	NA	FastDNA Spin Kit for Soil	20190104	-20	14		16S rRNA	V4-V5	515F	GTGYCAGCMGCCGCGGTAA	926R	CCGYCWATTYMTTTRAGTTT	1_95 for 5:00, 2_95 for 0:30, 3_55 for 4:00, 4_72 for 2:00, 5_72 for 10:00, 6_4 forever	repeat_2_to_4_25x	NA	NA	<0.05	3.43	11.6	11.6	30	Modified FastDNA Spin Kit for Soil	NA	30	NA	NA	20190320	Produced water microcosm no additive coupon sessile control	107_004_S	C	Children's Hospital				S504	AGAGTAGA	N703	AGGCAGAA			MiSeq																	
20190320-107-G002-UI138-dsn-107_005_S-1	Danika Nicoletti	DSN	Lisa Gieg	B4	UI138	G002	P002	107		20180718	Newfoundland FPSO Platform A		0	0	1 L Plastic Bottle	4°C	4°C	4°C	produced_water		water		GenoMIC_Offshore_NitrateInj	oil_organics_CO2	Sulfate	54	34.48	NA	7.02		produced_water	microcosm																	NA	NA	NA	NA	FastDNA Spin Kit for Soil	20190104	-20	14		16S rRNA	V4-V5	515F	GTGYCAGCMGCCGCGGTAA	926R	CCGYCWATTYMTTTRAGTTT	1_95 for 5:00, 2_95 for 0:30, 3_55 for 4:00, 4_72 for 2:00, 5_72 for 10:00, 6_4 forever	repeat_2_to_4_25x	NA	NA	<0.05	23.8	10.8	10.8	30	Modified FastDNA Spin Kit for Soil	NA	30	NA	NA	20190320	Produced water microcosm w sulfide coupon sessile rep 1	107_005_S	1	Children's Hospital				S504	AGAGTAGA	N704	TCCTGAGC			MiSeq																	
20190320-107-G002-UI139-dsn-107_007_S-3	Danika Nicoletti	DSN	Lisa Gieg	B4	UI139	G002	P002	107		20180718	Newfoundland FPSO Platform A		0	0	1 L Plastic Bottle	4°C	4°C	4°C	produced_water		water		GenoMIC_Offshore_NitrateInj	oil_organics_CO2	Sulfate	54	34.48	NA	7.02		produced_water	microcosm																	NA	NA	NA	NA	FastDNA Spin Kit for Soil	20190104	-20	14		16S rRNA	V4-V5	515F	GTGYCAGCMGCCGCGGTAA	926R	CCGYCWATTYMTTTRAGTTT	1_95 for 5:00, 2_95 for 0:30, 3_55 for 4:00, 4_72 for 2:00, 5_72 for 10:00, 6_4 forever	repeat_2_to_4_25x	NA	NA	<0.05	27.1	29.4	29.4	30	Modified FastDNA Spin Kit for Soil	NA	30	NA	NA	20190320	Produced water microcosm w sulfide coupon sessile rep 3	107_007_S	3	Children's Hospital				S504	AGAGTAGA	N705	GGACTCCT			MiSeq																	
20190320-107-G002-UI140-dsn-107_008_S-C	Danika Nicoletti	DSN	Lisa Gieg	B4	UI140	G002	P002	107		20180718	Newfoundland FPSO Platform A		0	0	1 L Plastic Bottle	4°C	4°C	4°C	produced_water		water		GenoMIC_Offshore_NitrateInj	oil_organics_CO2	Sulfate	54	34.48	NA	7.02		produced_water	microcosm																	NA	NA	NA	NA	FastDNA Spin Kit for Soil	20190104	-20	14		16S rRNA	V4-V5	515F	GTGYCAGCMGCCGCGGTAA	926R	CCGYCWATTYMTTTRAGTTT	1_95 for 5:00, 2_95 for 0:30, 3_55 for 4:00, 4_72 for 2:00, 5_72 for 10:00, 6_4 forever	repeat_2_to_4_25x	NA	NA	<0.05	26			30	Modified FastDNA Spin Kit for Soil	NA	30	NA	NA	20190320	Produced water microcosm w sulfide coupon sessile control	107_008_S	C	Children's Hospital				S504	AGAGTAGA	N706	TAGGCATG			MiSeq																	
20190320-107-G002-UI141-dsn-107_009_S-1	Danika Nicoletti	DSN	Lisa Gieg	B4	UI141	G002	P002	107		20180718	Newfoundland FPSO Platform A		0	0	1 L Plastic Bottle	4°C	4°C	4°C	produced_water		water		GenoMIC_Offshore_NitrateInj	oil_organics_CO2	NitrateLow	54	34.48	NA	7.02		produced_water	microcosm																	NA	NA	NA	NA	FastDNA Spin Kit for Soil	20190104	-20	14		16S rRNA	V4-V5	515F	GTGYCAGCMGCCGCGGTAA	926R	CCGYCWATTYMTTTRAGTTT	1_95 for 5:00, 2_95 for 0:30, 3_55 for 4:00, 4_72 for 2:00, 5_72 for 10:00, 6_4 forever	repeat_2_to_4_25x	NA	NA	<0.05	24.7			30	Modified FastDNA Spin Kit for Soil	NA	30	NA	NA	20190320	Produced water microcosm 0.5mM Nitrate coupon sessile rep 1	107_009_S	1	Children's Hospital				S504	AGAGTAGA	N707	CTCTCTAC			MiSeq																	
20190320-107-G002-UI142-dsn-107_010_S-2	Danika Nicoletti	DSN	Lisa Gieg	B4	UI142	G002	P002	107		20180718	Newfoundland FPSO Platform A		0	0	1 L Plastic Bottle	4°C	4°C	4°C	produced_water		water		GenoMIC_Offshore_NitrateInj	oil_organics_CO2	NitrateLow	54	34.48	NA	7.02		produced_water	microcosm																	NA	NA	NA	NA	FastDNA Spin Kit for Soil	20190104	-20	14		16S rRNA	V4-V5	515F	GTGYCAGCMGCCGCGGTAA	926R	CCGYCWATTYMTTTRAGTTT	1_95 for 5:00, 2_95 for 0:30, 3_55 for 4:00, 4_72 for 2:00, 5_72 for 10:00, 6_4 forever	repeat_2_to_4_25x	NA	NA	<0.05	27.1	25.2	25.2	30	Modified FastDNA Spin Kit for Soil	NA	30	NA	NA	20190320	Produced water microcosm 0.5mM Nitrate coupon planktonic rep 2	107_010_S	2	Children's Hospital				S504	AGAGTAGA	N708	CAGAGAGG			MiSeq																	
20190320-107-G002-UI143-dsn-107_012_S-C	Danika Nicoletti	DSN	Lisa Gieg	B4	UI143	G002	P002	107		20180718	Newfoundland FPSO Platform A		0	0	1 L Plastic Bottle	4°C	4°C	4°C	produced_water		water		GenoMIC_Offshore_NitrateInj	oil_organics_CO2	NitrateLow	54	34.48	NA	7.02		produced_water	microcosm																	NA	NA	NA	NA	FastDNA Spin Kit for Soil	20190104	-20	14		16S rRNA	V4-V5	515F	GTGYCAGCMGCCGCGGTAA	926R	CCGYCWATTYMTTTRAGTTT	1_95 for 5:00, 2_95 for 0:30, 3_55 for 4:00, 4_72 for 2:00, 5_72 for 10:00, 6_4 forever	repeat_2_to_4_25x	NA	NA	<0.05	33.2			30	Modified FastDNA Spin Kit for Soil	NA	30	NA	NA	20190320	Produced water microcosm 0.5mM Nitrate coupon planktonic control	107_012_S	C	Children's Hospital				S504	AGAGTAGA	N709	GCTACGCT			MiSeq																	
20190320-107-G002-UI144-dsn-107_014_S-2	Danika Nicoletti	DSN	Lisa Gieg	B4	UI144	G002	P002	107		20180718	Newfoundland FPSO Platform A		0	0	1 L Plastic Bottle	4°C	4°C	4°C	produced_water		water		GenoMIC_Offshore_NitrateInj	oil_organics_CO2	NitrateLow_Sulfide	54	34.48	NA	7.02		produced_water	microcosm																	NA	NA	NA	NA	FastDNA Spin Kit for Soil	20190104	-20	14		16S rRNA	V4-V5	515F	GTGYCAGCMGCCGCGGTAA	926R	CCGYCWATTYMTTTRAGTTT	1_95 for 5:00, 2_95 for 0:30, 3_55 for 4:00, 4_72 for 2:00, 5_72 for 10:00, 6_4 forever	repeat_2_to_4_25x	NA	NA	0.065	36.5	44.3	44.3	30	Modified FastDNA Spin Kit for Soil	NA	30	NA	NA	20190320	Produced water microcosm 0.5 mM Nitrate 5 mM sulfide coupon planktonic rep 2	107_014_S	2	Children's Hospital				S504	AGAGTAGA	N710	CGAGGCTG			MiSeq																	
20190320-107-G002-UI145-dsn-107_015_S-3	Danika Nicoletti	DSN	Lisa Gieg	B4	UI145	G002	P002	107		20180718	Newfoundland FPSO Platform A		0	0	1 L Plastic Bottle	4°C	4°C	4°C	produced_water		water		GenoMIC_Offshore_NitrateInj	oil_organics_CO2	NitrateLow_Sulfide	54	34.48	NA	7.02		produced_water	microcosm																	NA	NA	NA	NA	FastDNA Spin Kit for Soil	20190104	-20	14		16S rRNA	V4-V5	515F	GTGYCAGCMGCCGCGGTAA	926R	CCGYCWATTYMTTTRAGTTT	1_95 for 5:00, 2_95 for 0:30, 3_55 for 4:00, 4_72 for 2:00, 5_72 for 10:00, 6_4 forever	repeat_2_to_4_25x	NA	NA	<0.05	22			30	Modified FastDNA Spin Kit for Soil	NA	30	NA	NA	20190320	Produced water microcosm 0.5 mM Nitrate 5 mM sulfide coupon planktonic rep 3	107_015_S	3	Children's Hospital				S504	AGAGTAGA	N711	AAGAGGCA			MiSeq																	
20190320-107-G002-UI146-dsn-107_016_S-C	Danika Nicoletti	DSN	Lisa Gieg	B4	UI146	G002	P002	107		20180718	Newfoundland FPSO Platform A		0	0	1 L Plastic Bottle	4°C	4°C	4°C	produced_water		water		GenoMIC_Offshore_NitrateInj	oil_organics_CO2	NitrateLow_Sulfide	54	34.48	NA	7.02		produced_water	microcosm																	NA	NA	NA	NA	FastDNA Spin Kit for Soil	20190104	-20	14		16S rRNA	V4-V5	515F	GTGYCAGCMGCCGCGGTAA	926R	CCGYCWATTYMTTTRAGTTT	1_95 for 5:00, 2_95 for 0:30, 3_55 for 4:00, 4_72 for 2:00, 5_72 for 10:00, 6_4 forever	repeat_2_to_4_25x	NA	NA	<0.05	30.7			30	Modified FastDNA Spin Kit for Soil	NA	30	NA	NA	20190320	Produced water microcosm 0.5 mM Nitrate 5 mM sulfide coupon planktonic control	107_016_S	C	Children's Hospital				S504	AGAGTAGA	N712	GTAGAGGA			MiSeq																	
20190320-107-G002-UI147-dsn-107_017_S-1	Danika Nicoletti	DSN	Lisa Gieg	B4	UI147	G002	P002	107		20180718	Newfoundland FPSO Platform A		0	0	1 L Plastic Bottle	4°C	4°C	4°C	produced_water		water		GenoMIC_Offshore_NitrateInj	oil_organics_CO2	NitrateHigh	54	34.48	NA	7.02		produced_water	microcosm																	NA	NA	NA	NA	FastDNA Spin Kit for Soil	20190104	-20	14		16S rRNA	V4-V5	515F	GTGYCAGCMGCCGCGGTAA	926R	CCGYCWATTYMTTTRAGTTT	1_95 for 5:00, 2_95 for 0:30, 3_55 for 4:00, 4_72 for 2:00, 5_72 for 10:00, 6_4 forever	repeat_2_to_4_25x	NA	NA	<0.05	20.9	33.6	33.6	30	Modified FastDNA Spin Kit for Soil	NA	30	NA	NA	20190320	Produced water microcosm 5 mM Nitrate coupon planktonic rep 1	107_017_S	1	Children's Hospital				S505	GTAAGGAG	N701	TAAGGCGA			MiSeq																	
20190320-107-G002-UI148-dsn-107_019_S-3	Danika Nicoletti	DSN	Lisa Gieg	B4	UI148	G002	P002	107		20180718	Newfoundland FPSO Platform A		0	0	1 L Plastic Bottle	4°C	4°C	4°C	produced_water		water		GenoMIC_Offshore_NitrateInj	oil_organics_CO2	NitrateHigh	54	34.48	NA	7.02		produced_water	microcosm																	NA	NA	NA	NA	FastDNA Spin Kit for Soil	20190104	-20	14		16S rRNA	V4-V5	515F	GTGYCAGCMGCCGCGGTAA	926R	CCGYCWATTYMTTTRAGTTT	1_95 for 5:00, 2_95 for 0:30, 3_55 for 4:00, 4_72 for 2:00, 5_72 for 10:00, 6_4 forever	repeat_2_to_4_25x	NA	NA	<0.05	21.8	63	63	30	Modified FastDNA Spin Kit for Soil	NA	30	NA	NA	20190320	Produced water microcosm 5 mM Nitrate coupon planktonic rep 3	107_019_S	3	Children's Hospital				S505	GTAAGGAG	N702	CGTACTAG			MiSeq																	
20190320-107-G002-UI149-dsn-107_020_S-C	Danika Nicoletti	DSN	Lisa Gieg	B4	UI149	G002	P002	107		20180718	Newfoundland FPSO Platform A		0	0	1 L Plastic Bottle	4°C	4°C	4°C	produced_water		water		GenoMIC_Offshore_NitrateInj	oil_organics_CO2	NitrateHigh	54	34.48	NA	7.02		produced_water	microcosm																	NA	NA	NA	NA	FastDNA Spin Kit for Soil	20190104	-20	14		16S rRNA	V4-V5	515F	GTGYCAGCMGCCGCGGTAA	926R	CCGYCWATTYMTTTRAGTTT	1_95 for 5:00, 2_95 for 0:30, 3_55 for 4:00, 4_72 for 2:00, 5_72 for 10:00, 6_4 forever	repeat_2_to_4_25x	NA	NA	<0.05	15			30	Modified FastDNA Spin Kit for Soil	NA	30	NA	NA	20190320	Produced water microcosm 5 mM Nitrate coupon planktonic control	107_020_S	C	Children's Hospital				S505	GTAAGGAG	N703	AGGCAGAA			MiSeq																	
20190320-107-G002-UI150-dsn-107_022_S-2	Danika Nicoletti	DSN	Lisa Gieg	B4	UI150	G002	P002	107		20180718	Newfoundland FPSO Platform A		0	0	1 L Plastic Bottle	4°C	4°C	4°C	produced_water		water		GenoMIC_Offshore_NitrateInj	oil_organics_CO2	NitrateHigh_sulfide	54	34.48	NA	7.02		produced_water	microcosm																	NA	NA	NA	NA	FastDNA Spin Kit for Soil	20190104	-20	14		16S rRNA	V4-V5	515F	GTGYCAGCMGCCGCGGTAA	926R	CCGYCWATTYMTTTRAGTTT	1_95 for 5:00, 2_95 for 0:30, 3_55 for 4:00, 4_72 for 2:00, 5_72 for 10:00, 6_4 forever	repeat_2_to_4_25x	NA	NA	<0.05	21.3	14.2	14.2	30	Modified FastDNA Spin Kit for Soil	NA	30	NA	NA	20190320	Produced water microcosm 5 mM Nitrate 5 mM Sulfide coupon planktonic rep 2	107_022_S	2	Children's Hospital				S505	GTAAGGAG	N704	TCCTGAGC			MiSeq																	
20190320-107-G002-UI151-dsn-107_023_S-3	Danika Nicoletti	DSN	Lisa Gieg	B4	UI151	G002	P002	107		20180718	Newfoundland FPSO Platform A		0	0	1 L Plastic Bottle	4°C	4°C	4°C	produced_water		water		GenoMIC_Offshore_NitrateInj	oil_organics_CO2	NitrateHigh_sulfide	54	34.48	NA	7.02		produced_water	microcosm																	NA	NA	NA	NA	FastDNA Spin Kit for Soil	20190104	-20	14		16S rRNA	V4-V5	515F	GTGYCAGCMGCCGCGGTAA	926R	CCGYCWATTYMTTTRAGTTT	1_95 for 5:00, 2_95 for 0:30, 3_55 for 4:00, 4_72 for 2:00, 5_72 for 10:00, 6_4 forever	repeat_2_to_4_25x	NA	NA	<0.05	19.3	13.1	13.1	30	Modified FastDNA Spin Kit for Soil	NA	30	NA	NA	20190320	Produced water microcosm 5 mM Nitrate 5 mM Sulfide coupon planktonic rep 3	107_023_S	3	Children's Hospital				S505	GTAAGGAG	N705	GGACTCCT			MiSeq																	
20190320-107-G002-UI152-dsn-107_024_S-C	Danika Nicoletti	DSN	Lisa Gieg	B4	UI152	G002	P002	107		20180718	Newfoundland FPSO Platform A		0	0	1 L Plastic Bottle	4°C	4°C	4°C	produced_water		water		GenoMIC_Offshore_NitrateInj	oil_organics_CO2	NitrateHigh_sulfide	54	34.48	NA	7.02		produced_water	microcosm																	NA	NA	NA	NA	FastDNA Spin Kit for Soil	20190104	-20	14		16S rRNA	V4-V5	515F	GTGYCAGCMGCCGCGGTAA	926R	CCGYCWATTYMTTTRAGTTT	1_95 for 5:00, 2_95 for 0:30, 3_55 for 4:00, 4_72 for 2:00, 5_72 for 10:00, 6_4 forever	repeat_2_to_4_25x	NA	NA	<0.05	12.7			30	Modified FastDNA Spin Kit for Soil	NA	30	NA	NA	20190320	Produced water microcosm 5 mM Nitrate 5 mM Sulfide coupon planktonic control	107_024_S	C	Children's Hospital				S505	GTAAGGAG	N706	TAGGCATG			MiSeq																	
20190320-107-G002-UI153-dsn-107_025_S-1	Danika Nicoletti	DSN	Lisa Gieg	B4	UI153	G002	P002	107		20180718	Newfoundland FPSO Platform A		0	0	1 L Plastic Bottle	4°C	4°C	4°C	produced_water		water		GenoMIC_Offshore_NitrateInj	oil_organics_CO2	Sulfate	54	34.48	NA	7.02		produced_water	microcosm																	NA	NA	NA	NA	FastDNA Spin Kit for Soil	20190104	-20	14		16S rRNA	V4-V5	515F	GTGYCAGCMGCCGCGGTAA	926R	CCGYCWATTYMTTTRAGTTT	1_95 for 5:00, 2_95 for 0:30, 3_55 for 4:00, 4_72 for 2:00, 5_72 for 10:00, 6_4 forever	repeat_2_to_4_25x	NA	NA	<0.05	14.2	14	14	30	Modified FastDNA Spin Kit for Soil	NA	30	NA	NA	20190320	Produced water microcosm no additive coupon planktonic rep 1	107_025_S	1	Children's Hospital				S505	GTAAGGAG	N707	CTCTCTAC			MiSeq																	
20190320-107-G002-UI154-dsn-107_027_S-3	Danika Nicoletti	DSN	Lisa Gieg	B4	UI154	G002	P002	107		20180718	Newfoundland FPSO Platform A		0	0	1 L Plastic Bottle	4°C	4°C	4°C	produced_water		water		GenoMIC_Offshore_NitrateInj	oil_organics_CO2	Sulfate	54	34.48	NA	7.02		produced_water	microcosm																	NA	NA	NA	NA	FastDNA Spin Kit for Soil	20190104	-20	14		16S rRNA	V4-V5	515F	GTGYCAGCMGCCGCGGTAA	926R	CCGYCWATTYMTTTRAGTTT	1_95 for 5:00, 2_95 for 0:30, 3_55 for 4:00, 4_72 for 2:00, 5_72 for 10:00, 6_4 forever	repeat_2_to_4_25x	NA	NA	<0.05	13.9	11.6	11.6	30	Modified FastDNA Spin Kit for Soil	NA	30	NA	NA	20190320	Produced water microcosm no additive coupon planktonic rep 3	107_027_S	3	Children's Hospital				S505	GTAAGGAG	N708	CAGAGAGG			MiSeq																	
20190320-107-G002-UI155-dsn-107_028_S-C	Danika Nicoletti	DSN	Lisa Gieg	B4	UI155	G002	P002	107		20180718	Newfoundland FPSO Platform A		0	0	1 L Plastic Bottle	4°C	4°C	4°C	produced_water		water		GenoMIC_Offshore_NitrateInj	oil_organics_CO2	Sulfate	54	34.48	NA	7.02		produced_water	microcosm																	NA	NA	NA	NA	FastDNA Spin Kit for Soil	20190104	-20	14		16S rRNA	V4-V5	515F	GTGYCAGCMGCCGCGGTAA	926R	CCGYCWATTYMTTTRAGTTT	1_95 for 5:00, 2_95 for 0:30, 3_55 for 4:00, 4_72 for 2:00, 5_72 for 10:00, 6_4 forever	repeat_2_to_4_25x	NA	NA	<0.05	6.29			30	Modified FastDNA Spin Kit for Soil	NA	30	NA	NA	20190320	Produced water microcosm no additive coupon planktonic control	107_028_S	C	Children's Hospital				S505	GTAAGGAG	N709	GCTACGCT			MiSeq																	
20190320-107-G002-UI156-dsn-107_029_S-1	Danika Nicoletti	DSN	Lisa Gieg	B4	UI156	G002	P002	107		20180718	Newfoundland FPSO Platform A		0	0	1 L Plastic Bottle	4°C	4°C	4°C	produced_water		water		GenoMIC_Offshore_NitrateInj	oil_organics_CO2	Sulfate	54	34.48	NA	7.02		produced_water	microcosm																	NA	NA	NA	NA	FastDNA Spin Kit for Soil	20190104	-20	14		16S rRNA	V4-V5	515F	GTGYCAGCMGCCGCGGTAA	926R	CCGYCWATTYMTTTRAGTTT	1_95 for 5:00, 2_95 for 0:30, 3_55 for 4:00, 4_72 for 2:00, 5_72 for 10:00, 6_4 forever	repeat_2_to_4_25x	NA	NA	<0.05	22.6	13.5	13.5	30	Modified FastDNA Spin Kit for Soil	NA	30	NA	NA	20190320	Produced water microcosm w sulfide coupon planktonic rep 1	107_029_S	1	Children's Hospital				S505	GTAAGGAG	N710	CGAGGCTG			MiSeq																	
20190320-107-G002-UI157-dsn-107_030_S-2	Danika Nicoletti	DSN	Lisa Gieg	B4	UI157	G002	P002	107		20180718	Newfoundland FPSO Platform A		0	0	1 L Plastic Bottle	4°C	4°C	4°C	produced_water		water		GenoMIC_Offshore_NitrateInj	oil_organics_CO2	Sulfate	54	34.48	NA	7.02		produced_water	microcosm																	NA	NA	NA	NA	FastDNA Spin Kit for Soil	20190104	-20	14		16S rRNA	V4-V5	515F	GTGYCAGCMGCCGCGGTAA	926R	CCGYCWATTYMTTTRAGTTT	1_95 for 5:00, 2_95 for 0:30, 3_55 for 4:00, 4_72 for 2:00, 5_72 for 10:00, 6_4 forever	repeat_2_to_4_25x	NA	NA	<0.05	26.1	38.8	38.8	30	Modified FastDNA Spin Kit for Soil	NA	30	NA	NA	20190320	Produced water microcosm w sulfide coupon planktonic rep 2	107_030_S	2	Children's Hospital				S505	GTAAGGAG	N711	AAGAGGCA			MiSeq																	
20190320-107-G002-UI158-dsn-107_032_S-C	Danika Nicoletti	DSN	Lisa Gieg	B4	UI158	G002	P002	107		20180718	Newfoundland FPSO Platform A		0	0	1 L Plastic Bottle	4°C	4°C	4°C	produced_water		water		GenoMIC_Offshore_NitrateInj	oil_organics_CO2	Sulfate	54	34.48	NA	7.02		produced_water	microcosm																	NA	NA	NA	NA	FastDNA Spin Kit for Soil	20190104	-20	14		16S rRNA	V4-V5	515F	GTGYCAGCMGCCGCGGTAA	926R	CCGYCWATTYMTTTRAGTTT	1_95 for 5:00, 2_95 for 0:30, 3_55 for 4:00, 4_72 for 2:00, 5_72 for 10:00, 6_4 forever	repeat_2_to_4_25x	NA	NA	<0.05	16.5			30	Modified FastDNA Spin Kit for Soil	NA	30	NA	NA	20190320	Produced water microcosm w sulfide coupon planktonic control	107_032_S	C	Children's Hospital				S505	GTAAGGAG	N712	GTAGAGGA			MiSeq																	
20190320-107-G002-UI159-dsn-107_033_S-1	Danika Nicoletti	DSN	Lisa Gieg	B4	UI159	G002	P002	107		20180718	Newfoundland FPSO Platform A		0	0	1 L Plastic Bottle	4°C	4°C	4°C	produced_water		water		GenoMIC_Offshore_NitrateInj	oil_organics_CO2	NitriteLow	54	34.48	NA	7.02		produced_water	microcosm																	NA	NA	NA	NA	FastDNA Spin Kit for Soil	20190104	-20	14		16S rRNA	V4-V5	515F	GTGYCAGCMGCCGCGGTAA	926R	CCGYCWATTYMTTTRAGTTT	1_95 for 5:00, 2_95 for 0:30, 3_55 for 4:00, 4_72 for 2:00, 5_72 for 10:00, 6_4 forever	repeat_2_to_4_25x	NA	NA	0.28	21	23.3	23.3	30	Modified FastDNA Spin Kit for Soil	NA	30	NA	NA	20190320	Produced water microcosm 0.5 mM Nitrite coupon planktonic rep 1	107_033_S	1	Children's Hospital				S506	ACTGCATA	N701	TAAGGCGA			MiSeq																	
20190320-107-G002-UI160-dsn-107_035_S-3	Danika Nicoletti	DSN	Lisa Gieg	B4	UI160	G002	P002	107		20180718	Newfoundland FPSO Platform A		0	0	1 L Plastic Bottle	4°C	4°C	4°C	produced_water		water		GenoMIC_Offshore_NitrateInj	oil_organics_CO2	NitriteLow	54	34.48	NA	7.02		produced_water	microcosm																	NA	NA	NA	NA	FastDNA Spin Kit for Soil	20190104	-20	14		16S rRNA	V4-V5	515F	GTGYCAGCMGCCGCGGTAA	926R	CCGYCWATTYMTTTRAGTTT	1_95 for 5:00, 2_95 for 0:30, 3_55 for 4:00, 4_72 for 2:00, 5_72 for 10:00, 6_4 forever	repeat_2_to_4_25x	NA	NA	<0.05	17.8	11	11	30	Modified FastDNA Spin Kit for Soil	NA	30	NA	NA	20190320	Produced water microcosm 0.5 mM Nitrite coupon planktonic rep 3	107_035_S	3	Children's Hospital				S506	ACTGCATA	N702	CGTACTAG			MiSeq																	
20190320-107-G002-UI161-dsn-107_036_S-C	Danika Nicoletti	DSN	Lisa Gieg	B4	UI161	G002	P002	107		20180718	Newfoundland FPSO Platform A		0	0	1 L Plastic Bottle	4°C	4°C	4°C	produced_water		water		GenoMIC_Offshore_NitrateInj	oil_organics_CO2	NitriteLow	54	34.48	NA	7.02		produced_water	microcosm																	NA	NA	NA	NA	FastDNA Spin Kit for Soil	20190104	-20	14		16S rRNA	V4-V5	515F	GTGYCAGCMGCCGCGGTAA	926R	CCGYCWATTYMTTTRAGTTT	1_95 for 5:00, 2_95 for 0:30, 3_55 for 4:00, 4_72 for 2:00, 5_72 for 10:00, 6_4 forever	repeat_2_to_4_25x	NA	NA	<0.05	5.74	22.4	22.4	30	Modified FastDNA Spin Kit for Soil	NA	30	NA	NA	20190320	Produced water microcosm 0.5 mM Nitrite coupon planktonic coupon	107_036_S	C	Children's Hospital				S506	ACTGCATA	N703	AGGCAGAA			MiSeq																	
20190320-107-G002-UI162-dsn-107_037_S-1	Danika Nicoletti	DSN	Lisa Gieg	B4	UI162	G002	P002	107		20180718	Newfoundland FPSO Platform A		0	0	1 L Plastic Bottle	4°C	4°C	4°C	produced_water		water		GenoMIC_Offshore_NitrateInj	oil_organics_CO2	NitriteLow_Sulfide	54	34.48	NA	7.02		produced_water	microcosm																	NA	NA	NA	NA	FastDNA Spin Kit for Soil	20190104	-20	14		16S rRNA	V4-V5	515F	GTGYCAGCMGCCGCGGTAA	926R	CCGYCWATTYMTTTRAGTTT	1_95 for 5:00, 2_95 for 0:30, 3_55 for 4:00, 4_72 for 2:00, 5_72 for 10:00, 6_4 forever	repeat_2_to_4_25x	NA	NA	<0.05	13.8	19.1	19.1	30	Modified FastDNA Spin Kit for Soil	NA	30	NA	NA	20190320	Produced water microcosm 0.5 mM Nitrite 5 mM Sulfide coupon planktonic rep 1	107_037_S	1	Children's Hospital				S506	ACTGCATA	N704	TCCTGAGC			MiSeq																	
20190320-107-G002-UI163-dsn-107_039_S-3	Danika Nicoletti	DSN	Lisa Gieg	B4	UI163	G002	P002	107		20180718	Newfoundland FPSO Platform A		0	0	1 L Plastic Bottle	4°C	4°C	4°C	produced_water		water		GenoMIC_Offshore_NitrateInj	oil_organics_CO2	NitriteLow_Sulfide	54	34.48	NA	7.02		produced_water	microcosm																	NA	NA	NA	NA	FastDNA Spin Kit for Soil	20190104	-20	14		16S rRNA	V4-V5	515F	GTGYCAGCMGCCGCGGTAA	926R	CCGYCWATTYMTTTRAGTTT	1_95 for 5:00, 2_95 for 0:30, 3_55 for 4:00, 4_72 for 2:00, 5_72 for 10:00, 6_4 forever	repeat_2_to_4_25x	NA	NA	<0.05	26.9	15.7	15.7	30	Modified FastDNA Spin Kit for Soil	NA	30	NA	NA	20190320	Produced water microcosm 0.5 mM Nitrite 5 mM Sulfide coupon planktonic rep 3	107_039_S	3	Children's Hospital				S506	ACTGCATA	N705	GGACTCCT			MiSeq																	
20190320-107-G002-UI164-dsn-107_040_S-C	Danika Nicoletti	DSN	Lisa Gieg	B4	UI164	G002	P002	107		20180718	Newfoundland FPSO Platform A		0	0	1 L Plastic Bottle	4°C	4°C	4°C	produced_water		water		GenoMIC_Offshore_NitrateInj	oil_organics_CO2	NitriteLow_Sulfide	54	34.48	NA	7.02		produced_water	microcosm																	NA	NA	NA	NA	FastDNA Spin Kit for Soil	20190104	-20	14		16S rRNA	V4-V5	515F	GTGYCAGCMGCCGCGGTAA	926R	CCGYCWATTYMTTTRAGTTT	1_95 for 5:00, 2_95 for 0:30, 3_55 for 4:00, 4_72 for 2:00, 5_72 for 10:00, 6_4 forever	repeat_2_to_4_25x	NA	NA	<0.05	20.1	13.9	13.9	30	Modified FastDNA Spin Kit for Soil	NA	30	NA	NA	20190320	Produced water microcosm 0.5 mM Nitrite 5 mM Sulfide coupon planktonic control	107_040_S	C	Children's Hospital				S506	ACTGCATA	N706	TAGGCATG			MiSeq																	
20190320-107-G002-UI165-dsn-107_041_S-1	Danika Nicoletti	DSN	Lisa Gieg	B4	UI165	G002	P002	107		20180718	Newfoundland FPSO Platform A		0	0	1 L Plastic Bottle	4°C	4°C	4°C	produced_water		water		GenoMIC_Offshore_NitrateInj	oil_organics_CO2	NitriteHigh	54	34.48	NA	7.02		produced_water	microcosm																	NA	NA	NA	NA	FastDNA Spin Kit for Soil	20190104	-20	14		16S rRNA	V4-V5	515F	GTGYCAGCMGCCGCGGTAA	926R	CCGYCWATTYMTTTRAGTTT	1_95 for 5:00, 2_95 for 0:30, 3_55 for 4:00, 4_72 for 2:00, 5_72 for 10:00, 6_4 forever	repeat_2_to_4_25x	NA	NA	<0.05	3.54	11.1	11.1	30	Modified FastDNA Spin Kit for Soil	NA	30	NA	NA	20190320	Produced water microcosm 5 mM Nitrite coupon planktonic rep 1	107_041_S	1	Children's Hospital				S506	ACTGCATA	N707	CTCTCTAC			MiSeq																	
20190320-107-G002-UI166-dsn-107_042_S-2	Danika Nicoletti	DSN	Lisa Gieg	B4	UI166	G002	P002	107		20180718	Newfoundland FPSO Platform A		0	0	1 L Plastic Bottle	4°C	4°C	4°C	produced_water		water		GenoMIC_Offshore_NitrateInj	oil_organics_CO2	NitriteHigh	54	34.48	NA	7.02		produced_water	microcosm																	NA	NA	NA	NA	FastDNA Spin Kit for Soil	20190104	-20	14		16S rRNA	V4-V5	515F	GTGYCAGCMGCCGCGGTAA	926R	CCGYCWATTYMTTTRAGTTT	1_95 for 5:00, 2_95 for 0:30, 3_55 for 4:00, 4_72 for 2:00, 5_72 for 10:00, 6_4 forever	repeat_2_to_4_25x	NA	NA	0.055	23.1	10.5	10.5	30	Modified FastDNA Spin Kit for Soil	NA	30	NA	NA	20190320	Produced water microcosm 5 mM Nitrite coupon planktonic rep 2	107_042_S	2	Children's Hospital				S506	ACTGCATA	N708	CAGAGAGG			MiSeq																	
20190320-107-G002-UI167-dsn-107_044_S-C	Danika Nicoletti	DSN	Lisa Gieg	B4	UI167	G002	P002	107		20180718	Newfoundland FPSO Platform A		0	0	1 L Plastic Bottle	4°C	4°C	4°C	produced_water		water		GenoMIC_Offshore_NitrateInj	oil_organics_CO2	NitriteHigh	54	34.48	NA	7.02		produced_water	microcosm																	NA	NA	NA	NA	FastDNA Spin Kit for Soil	20190104	-20	14		16S rRNA	V4-V5	515F	GTGYCAGCMGCCGCGGTAA	926R	CCGYCWATTYMTTTRAGTTT	1_95 for 5:00, 2_95 for 0:30, 3_55 for 4:00, 4_72 for 2:00, 5_72 for 10:00, 6_4 forever	repeat_2_to_4_25x	NA	NA	<0.05	20.3			30	Modified FastDNA Spin Kit for Soil	NA	30	NA	NA	20190320	Produced water microcosm 5 mM Nitrite coupon planktonic control	107_044_S	C	Children's Hospital				S506	ACTGCATA	N709	GCTACGCT			MiSeq																	
20190320-107-G002-UI168-dsn-107_045_S-1	Danika Nicoletti	DSN	Lisa Gieg	B4	UI168	G002	P002	107		20180718	Newfoundland FPSO Platform A		0	0	1 L Plastic Bottle	4°C	4°C	4°C	produced_water		water		GenoMIC_Offshore_NitrateInj	oil_organics_CO2	NitriteHigh_Sulfide	54	34.48	NA	7.02		produced_water	microcosm																	NA	NA	NA	NA	FastDNA Spin Kit for Soil	20190104	-20	14		16S rRNA	V4-V5	515F	GTGYCAGCMGCCGCGGTAA	926R	CCGYCWATTYMTTTRAGTTT	1_95 for 5:00, 2_95 for 0:30, 3_55 for 4:00, 4_72 for 2:00, 5_72 for 10:00, 6_4 forever	repeat_2_to_4_25x	NA	NA	<0.05	19.1	13.3	13.3	30	Modified FastDNA Spin Kit for Soil	NA	30	NA	NA	20190320	Produced water microcosm 5 mM Nitrite 5 mM Sulfide coupon planktonic rep 1	107_045_S	1	Children's Hospital				S506	ACTGCATA	N710	CGAGGCTG			MiSeq																	
20190320-107-G002-UI169-dsn-107_047_S-3	Danika Nicoletti	DSN	Lisa Gieg	B4	UI169	G002	P002	107		20180718	Newfoundland FPSO Platform A		0	0	1 L Plastic Bottle	4°C	4°C	4°C	produced_water		water		GenoMIC_Offshore_NitrateInj	oil_organics_CO2	NitriteHigh_Sulfide	54	34.48	NA	7.02		produced_water	microcosm																	NA	NA	NA	NA	FastDNA Spin Kit for Soil	20190104	-20	14		16S rRNA	V4-V5	515F	GTGYCAGCMGCCGCGGTAA	926R	CCGYCWATTYMTTTRAGTTT	1_95 for 5:00, 2_95 for 0:30, 3_55 for 4:00, 4_72 for 2:00, 5_72 for 10:00, 6_4 forever	repeat_2_to_4_25x	NA	NA	<0.05	18.9			30	Modified FastDNA Spin Kit for Soil	NA	30	NA	NA	20190320	Produced water microcosm 5 mM Nitrite 5 mM Sulfide coupon planktonic rep 3	107_047_S	3	Children's Hospital				S506	ACTGCATA	N711	AAGAGGCA			MiSeq																	
20190320-107-G002-UI170-dsn-107_048_S-C	Danika Nicoletti	DSN	Lisa Gieg	B4	UI170	G002	P002	107		20180718	Newfoundland FPSO Platform A		0	0	1 L Plastic Bottle	4°C	4°C	4°C	produced_water		water		GenoMIC_Offshore_NitrateInj	oil_organics_CO2	NitriteHigh_Sulfide	54	34.48	NA	7.02		produced_water	microcosm																	NA	NA	NA	NA	FastDNA Spin Kit for Soil	20190104	-20	14		16S rRNA	V4-V5	515F	GTGYCAGCMGCCGCGGTAA	926R	CCGYCWATTYMTTTRAGTTT	1_95 for 5:00, 2_95 for 0:30, 3_55 for 4:00, 4_72 for 2:00, 5_72 for 10:00, 6_4 forever	repeat_2_to_4_25x	NA	NA	<0.05	19.4			30	Modified FastDNA Spin Kit for Soil	NA	30	NA	NA	20190320	Produced water microcosm 5 mM Nitrite 5 mM Sulfide coupon planktonic control	107_048_S	C	Children's Hospital				S506	ACTGCATA	N712	GTAGAGGA			MiSeq																	
20190320-107-G002-UI183-dsn-107_001_P-1	Danika Nicoletti	DSN	Lisa Gieg	B4	UI183	G002	P002	107		20180718	Newfoundland FPSO Platform A		0	0	1 L Plastic Bottle	4°C	4°C	4°C	produced_water		water		GenoMIC_Offshore_NitrateInj	oil_organics_CO2	Sulfate	54	34.48	NA	7.02		produced_water	microcosm																	NA	NA	NA	NA	FastDNA Spin Kit for Soil	20190104	-20	14		16S rRNA	V4-V5	515F	GTGYCAGCMGCCGCGGTAA	926R	CCGYCWATTYMTTTRAGTTT	1_95 for 5:00, 2_95 for 0:30, 3_55 for 4:00, 4_72 for 2:00, 5_72 for 10:00, 6_4 forever	repeat_2_to_4_25x	NA	NA	<0.05	4.05	14.7	14.7	20	Modified FastDNA Spin Kit for Soil	NA	30	NA	NA	20190320	Produced water microcosm no additive coupon planktonic rep 1	107_001_P	1	Children's Hospital				S508	CTAAGCCT	N701	TAAGGCGA			MiSeq																	
20190320-107-G002-UI184-dsn-107_006_P-2	Danika Nicoletti	DSN	Lisa Gieg	B4	UI184	G002	P002	107		20180718	Newfoundland FPSO Platform A		0	0	1 L Plastic Bottle	4°C	4°C	4°C	produced_water		water		GenoMIC_Offshore_NitrateInj	oil_organics_CO2	Sulfate	54	34.48	NA	7.02		produced_water	microcosm																	NA	NA	NA	NA	FastDNA Spin Kit for Soil	20190104	-20	14		16S rRNA	V4-V5	515F	GTGYCAGCMGCCGCGGTAA	926R	CCGYCWATTYMTTTRAGTTT	1_95 for 5:00, 2_95 for 0:30, 3_55 for 4:00, 4_72 for 2:00, 5_72 for 10:00, 6_4 forever	repeat_2_to_4_25x	NA	NA	0.25	4.84	10.9	10.9	20	Modified FastDNA Spin Kit for Soil	NA	30	NA	NA	20190320	Produced water microcosm w sulfide coupon planktonic rep 2	107_006_P	2	Children's Hospital				S508	CTAAGCCT	N702	CGTACTAG			MiSeq																	
20190320-107-G002-UI185-dsn-107_011_P-3	Danika Nicoletti	DSN	Lisa Gieg	B4	UI185	G002	P002	107		20180718	Newfoundland FPSO Platform A		0	0	1 L Plastic Bottle	4°C	4°C	4°C	produced_water		water		GenoMIC_Offshore_NitrateInj	oil_organics_CO2	NitrateLow	54	34.48	NA	7.02		produced_water	microcosm																	NA	NA	NA	NA	FastDNA Spin Kit for Soil	20190104	-20	14		16S rRNA	V4-V5	515F	GTGYCAGCMGCCGCGGTAA	926R	CCGYCWATTYMTTTRAGTTT	1_95 for 5:00, 2_95 for 0:30, 3_55 for 4:00, 4_72 for 2:00, 5_72 for 10:00, 6_4 forever	repeat_2_to_4_25x	NA	NA	0.054	5.92	9.04	9.04	20	Modified FastDNA Spin Kit for Soil	NA	30	NA	NA	20190320	Produced water microcosm 0.5mM Nitrate coupon planktonic rep 3	107_011_P	3	Children's Hospital				S508	CTAAGCCT	N703	AGGCAGAA			MiSeq																	
20190320-107-G002-UI186-dsn-107_013_P-1	Danika Nicoletti	DSN	Lisa Gieg	B4	UI186	G002	P002	107		20180718	Newfoundland FPSO Platform A		0	0	1 L Plastic Bottle	4°C	4°C	4°C	produced_water		water		GenoMIC_Offshore_NitrateInj	oil_organics_CO2	NitrateLow_Sulfide	54	34.48	NA	7.02		produced_water	microcosm																	NA	NA	NA	NA	FastDNA Spin Kit for Soil	20190104	-20	14		16S rRNA	V4-V5	515F	GTGYCAGCMGCCGCGGTAA	926R	CCGYCWATTYMTTTRAGTTT	1_95 for 5:00, 2_95 for 0:30, 3_55 for 4:00, 4_72 for 2:00, 5_72 for 10:00, 6_4 forever	repeat_2_to_4_25x	NA	NA	0.496	4.18	6.9	6.9	20	Modified FastDNA Spin Kit for Soil	NA	30	NA	NA	20190320	Produced water microcosm 0.5 mM Nitrate 5 mM sulfide coupon planktonic rep 1	107_013_P	1	Children's Hospital				S508	CTAAGCCT	N704	TCCTGAGC			MiSeq																	
20190320-107-G002-UI187-dsn-107_018_P-2	Danika Nicoletti	DSN	Lisa Gieg	B4	UI187	G002	P002	107		20180718	Newfoundland FPSO Platform A		0	0	1 L Plastic Bottle	4°C	4°C	4°C	produced_water		water		GenoMIC_Offshore_NitrateInj	oil_organics_CO2	Nitratehigh	54	34.48	NA	7.02		produced_water	microcosm																	NA	NA	NA	NA	FastDNA Spin Kit for Soil	20190104	-20	14		16S rRNA	V4-V5	515F	GTGYCAGCMGCCGCGGTAA	926R	CCGYCWATTYMTTTRAGTTT	1_95 for 5:00, 2_95 for 0:30, 3_55 for 4:00, 4_72 for 2:00, 5_72 for 10:00, 6_4 forever	repeat_2_to_4_25x	NA	NA	0.112	3.88	6.96	6.96	20	Modified FastDNA Spin Kit for Soil	NA	30	NA	NA	20190320	Produced water microcosm 5 mM Nitrate coupon planktonic rep 2	107_018_P	2	Children's Hospital				S508	CTAAGCCT	N705	GGACTCCT			MiSeq																	
20190320-107-G002-UI188-dsn-107_021_P-1	Danika Nicoletti	DSN	Lisa Gieg	B4	UI188	G002	P002	107		20180718	Newfoundland FPSO Platform A		0	0	1 L Plastic Bottle	4°C	4°C	4°C	produced_water		water		GenoMIC_Offshore_NitrateInj	oil_organics_CO2	NitrateHigh_sulfide	54	34.48	NA	7.02		produced_water	microcosm																	NA	NA	NA	NA	FastDNA Spin Kit for Soil	20190104	-20	14		16S rRNA	V4-V5	515F	GTGYCAGCMGCCGCGGTAA	926R	CCGYCWATTYMTTTRAGTTT	1_95 for 5:00, 2_95 for 0:30, 3_55 for 4:00, 4_72 for 2:00, 5_72 for 10:00, 6_4 forever	repeat_2_to_4_25x	NA	NA	0.435	2.99	7.25	7.25	20	Modified FastDNA Spin Kit for Soil	NA	30	NA	NA	20190320	Produced water microcosm 5 mM Nitrate 5 mM Sulfide coupon planktonic rep 1	107_021_P	1	Children's Hospital				S508	CTAAGCCT	N706	TAGGCATG			MiSeq																	
20190320-107-G002-UI189-dsn-107_026_P-2	Danika Nicoletti	DSN	Lisa Gieg	B4	UI189	G002	P002	107		20180718	Newfoundland FPSO Platform A		0	0	1 L Plastic Bottle	4°C	4°C	4°C	produced_water		water		GenoMIC_Offshore_NitrateInj	oil_organics_CO2	Sulfate	54	34.48	NA	7.02		produced_water	microcosm																	NA	NA	NA	NA	FastDNA Spin Kit for Soil	20190104	-20	14		16S rRNA	V4-V5	515F	GTGYCAGCMGCCGCGGTAA	926R	CCGYCWATTYMTTTRAGTTT	1_95 for 5:00, 2_95 for 0:30, 3_55 for 4:00, 4_72 for 2:00, 5_72 for 10:00, 6_4 forever	repeat_2_to_4_25x	NA	NA	0.794	6.3	7.9	7.9	20	Modified FastDNA Spin Kit for Soil	NA	30	NA	NA	20190320	Produced water microcosm no additive coupon sessile rep 1	107_026_P	1	Children's Hospital				S508	CTAAGCCT	N707	CTCTCTAC			MiSeq																	
20190320-107-G002-UI190-dsn-107_030_P-3	Danika Nicoletti	DSN	Lisa Gieg	B4	UI190	G002	P002	107		20180718	Newfoundland FPSO Platform A		0	0	1 L Plastic Bottle	4°C	4°C	4°C	produced_water		water		GenoMIC_Offshore_NitrateInj	oil_organics_CO2	Sulfate	54	34.48	NA	7.02		produced_water	microcosm																	NA	NA	NA	NA	FastDNA Spin Kit for Soil	20190104	-20	14		16S rRNA	V4-V5	515F	GTGYCAGCMGCCGCGGTAA	926R	CCGYCWATTYMTTTRAGTTT	1_95 for 5:00, 2_95 for 0:30, 3_55 for 4:00, 4_72 for 2:00, 5_72 for 10:00, 6_4 forever	repeat_2_to_4_25x	NA	NA	0.151	6.07	12	12	20	Modified FastDNA Spin Kit for Soil	NA	30	NA	NA	20190320	Produced water microcosm w sulfide coupon sessile rep 2	107_030_P	2	Children's Hospital				S508	CTAAGCCT	N708	CAGAGAGG			MiSeq																	
20190320-107-G002-UI191-dsn-107_031_P-2	Danika Nicoletti	DSN	Lisa Gieg	B4	UI191	G002	P002	107		20180718	Newfoundland FPSO Platform A		0	0	1 L Plastic Bottle	4°C	4°C	4°C	produced_water		water		GenoMIC_Offshore_NitrateInj	oil_organics_CO2	NitrateLow	54	34.48	NA	7.02		produced_water	microcosm																	NA	NA	NA	NA	FastDNA Spin Kit for Soil	20190104	-20	14		16S rRNA	V4-V5	515F	GTGYCAGCMGCCGCGGTAA	926R	CCGYCWATTYMTTTRAGTTT	1_95 for 5:00, 2_95 for 0:30, 3_55 for 4:00, 4_72 for 2:00, 5_72 for 10:00, 6_4 forever	repeat_2_to_4_25x	NA	NA	0.148	10.9	11.1	11.1	20	Modified FastDNA Spin Kit for Soil	NA	30	NA	NA	20190320	Produced water microcosm 0.5 mM Nitrite coupon planktonic rep 2	107_031_P	2	Children's Hospital				S508	CTAAGCCT	N709	GCTACGCT			MiSeq																	
20190320-107-G002-UI192-dsn-107_034_P-2	Danika Nicoletti	DSN	Lisa Gieg	B4	UI192	G002	P002	107		20180718	Newfoundland FPSO Platform A		0	0	1 L Plastic Bottle	4°C	4°C	4°C	produced_water		water		GenoMIC_Offshore_NitrateInj	oil_organics_CO2	NitrateLow_Sulfide	54	34.48	NA	7.02		produced_water	microcosm																	NA	NA	NA	NA	FastDNA Spin Kit for Soil	20190104	-20	14		16S rRNA	V4-V5	515F	GTGYCAGCMGCCGCGGTAA	926R	CCGYCWATTYMTTTRAGTTT	1_95 for 5:00, 2_95 for 0:30, 3_55 for 4:00, 4_72 for 2:00, 5_72 for 10:00, 6_4 forever	repeat_2_to_4_25x	NA	NA	0.135	0.86			20	Modified FastDNA Spin Kit for Soil	NA	30	NA	NA	20190320	Produced water microcosm 0.5 mM Nitrite 5 mM Sulfide coupon planktonic rep 2	107_034_P	2	Children's Hospital				S508	CTAAGCCT	N710	CGAGGCTG			MiSeq																	
20190320-107-G002-UI193-dsn-107_043_P-3	Danika Nicoletti	DSN	Lisa Gieg	B4	UI193	G002	P002	107		20180718	Newfoundland FPSO Platform A		0	0	1 L Plastic Bottle	4°C	4°C	4°C	produced_water		water		GenoMIC_Offshore_NitrateInj	oil_organics_CO2	Nitratehigh	54	34.48	NA	7.02		produced_water	microcosm																	NA	NA	NA	NA	FastDNA Spin Kit for Soil	20190104	-20	14		16S rRNA	V4-V5	515F	GTGYCAGCMGCCGCGGTAA	926R	CCGYCWATTYMTTTRAGTTT	1_95 for 5:00, 2_95 for 0:30, 3_55 for 4:00, 4_72 for 2:00, 5_72 for 10:00, 6_4 forever	repeat_2_to_4_25x	NA	NA	0.187	4.19	8.66	8.66	20	Modified FastDNA Spin Kit for Soil	NA	30	NA	NA	20190320	Produced water microcosm 5 mM Nitrite coupon planktonic rep 3	107_043_P	3	Children's Hospital				S508	CTAAGCCT	N711	AAGAGGCA			MiSeq																	
20190320-107-G002-UI194-dsn-107_046_P-2	Danika Nicoletti	DSN	Lisa Gieg	B4	UI194	G002	P002	107		20180718	Newfoundland FPSO Platform A		0	0	1 L Plastic Bottle	4°C	4°C	4°C	produced_water		water		GenoMIC_Offshore_NitrateInj	oil_organics_CO2	NitrateHigh_sulfide	54	34.48	NA	7.02		produced_water	microcosm																	NA	NA	NA	NA	FastDNA Spin Kit for Soil	20190104	-20	14		16S rRNA	V4-V5	515F	GTGYCAGCMGCCGCGGTAA	926R	CCGYCWATTYMTTTRAGTTT	1_95 for 5:00, 2_95 for 0:30, 3_55 for 4:00, 4_72 for 2:00, 5_72 for 10:00, 6_4 forever	repeat_2_to_4_25x	NA	NA	<0.05	3.73	12.2	12.2	20	Modified FastDNA Spin Kit for Soil	NA	30	NA	NA	20190320	Produced water microcosm 5 mM Nitrite 5 mM Sulfide coupon planktonic rep 2	107_046_P	2	Children's Hospital				S508	CTAAGCCT	N712	GTAGAGGA			MiSeq																	